Season,Matchday,Position,Club,W,D,L,GF,GA,GD,Points
2023_2024,1,1,Rennes,1,0,0,5,1,4,3
2023_2024,1,2,Monaco,1,0,0,4,2,2,3
2023_2024,1,3,Brest,1,0,0,3,2,1,3
2023_2024,1,4,Toulouse,1,0,0,2,1,1,3
2023_2024,1,5,Strasbourg,1,0,0,2,1,1,3
2023_2024,1,6,Olympique Marseille,1,0,0,2,1,1,3
2023_2024,1,7,Lille,0,1,0,1,1,0,1
2023_2024,1,8,Nice,0,1,0,1,1,0,1
2023_2024,1,9,Paris SG,0,1,0,0,0,0,1
2023_2024,1,10,Lorient,0,1,0,0,0,0,1
2023_2024,1,11,Le Havre,0,1,0,2,2,0,1
2023_2024,1,12,Montpellier,0,1,0,2,2,0,0
2023_2024,1,13,Lens,0,0,1,2,3,-1,0
2023_2024,1,14,Olympique Lyon,0,0,1,1,2,-1,0
2023_2024,1,14,Stade Reims,0,0,1,1,2,-1,0
2023_2024,1,16,Nantes,0,0,1,1,2,-1,0
2023_2024,1,17,Clermont,0,0,1,2,4,-2,0
2023_2024,1,18,Metz,0,0,1,1,5,-4,0
2023_2024,2,1,Monaco,2,0,0,7,2,5,6
2023_2024,2,2,Brest,2,0,0,5,3,2,6
2023_2024,2,3,Rennes,1,1,0,6,2,4,4
2023_2024,2,4,Lille,1,1,0,3,1,2,4
2023_2024,2,5,Olympique Marseille,1,1,0,4,3,1,4
2023_2024,2,6,Toulouse,1,1,0,3,2,1,4
2023_2024,2,7,Montpellier,1,1,0,6,3,3,3
2023_2024,2,8,Stade Reims,1,0,1,3,2,1,3
2023_2024,2,9,Strasbourg,1,0,1,2,4,-2,3
2023_2024,2,10,Lorient,0,2,0,1,1,0,2
2023_2024,2,11,Nice,0,2,0,2,2,0,2
2023_2024,2,12,Paris SG,0,2,0,1,1,0,2
2023_2024,2,13,Le Havre,0,1,1,3,4,-1,1
2023_2024,2,14,Lens,0,1,1,3,4,-1,1
2023_2024,2,15,Metz,0,1,1,3,7,-4,1
2023_2024,2,16,Nantes,0,0,2,1,4,-3,0
2023_2024,2,17,Olympique Lyon,0,0,2,2,6,-4,0
2023_2024,2,18,Clermont,0,0,2,2,6,-4,0
2023_2024,3,1,Monaco,2,1,0,10,5,5,7
2023_2024,3,2,Olympique Marseille,2,1,0,6,3,3,7
2023_2024,3,3,Stade Reims,2,0,1,6,3,3,6
2023_2024,3,4,Brest,2,0,1,5,5,0,6
2023_2024,3,5,Strasbourg,2,0,1,4,4,0,6
2023_2024,3,6,Rennes,1,2,0,8,4,4,5
2023_2024,3,7,Lorient,1,2,0,5,2,3,5
2023_2024,3,8,Paris SG,1,2,0,4,2,2,5
2023_2024,3,9,Lille,1,1,1,4,5,-1,4
2023_2024,3,10,Toulouse,1,1,1,3,4,-1,4
2023_2024,3,11,Metz,1,1,1,4,7,-3,4
2023_2024,3,12,Montpellier,1,1,1,7,6,1,3
2023_2024,3,13,Nice,0,3,0,2,2,0,3
2023_2024,3,14,Le Havre,0,2,1,5,6,-1,2
2023_2024,3,15,Lens,0,1,2,4,7,-3,1
2023_2024,3,16,Nantes,0,1,2,4,7,-3,1
2023_2024,3,17,Olympique Lyon,0,1,2,2,6,-4,1
2023_2024,3,18,Clermont,0,0,3,2,7,-5,0
2023_2024,4,1,Monaco,3,1,0,13,5,8,10
2023_2024,4,2,Paris SG,2,2,0,8,3,5,8
2023_2024,4,3,Olympique Marseille,2,2,0,7,4,3,8
2023_2024,4,4,Stade Reims,2,1,1,8,5,3,7
2023_2024,4,5,Lille,2,1,1,5,5,0,7
2023_2024,4,6,Brest,2,1,1,5,5,0,7
2023_2024,4,7,Rennes,1,3,0,8,4,4,6
2023_2024,4,8,Nice,1,3,0,4,2,2,6
2023_2024,4,9,Strasbourg,2,0,2,4,6,-2,6
2023_2024,4,10,Le Havre,1,2,1,8,6,2,5
2023_2024,4,11,Lorient,1,2,1,5,5,0,5
2023_2024,4,12,Toulouse,1,2,1,5,6,-1,5
2023_2024,4,13,Metz,1,2,1,6,9,-3,5
2023_2024,4,14,Montpellier,1,1,2,7,7,0,3
2023_2024,4,15,Nantes,0,2,2,5,8,-3,2
2023_2024,4,16,Clermont,0,1,3,4,9,-5,1
2023_2024,4,17,Lens,0,1,3,4,10,-6,1
2023_2024,4,18,Olympique Lyon,0,1,3,3,10,-7,1
2023_2024,5,1,Monaco,3,2,0,15,7,8,11
2023_2024,5,2,Brest,3,1,1,7,6,1,10
2023_2024,5,3,Nice,2,3,0,7,4,3,9
2023_2024,5,4,Olympique Marseille,2,3,0,7,4,3,9
2023_2024,5,5,Paris SG,2,2,1,10,6,4,8
2023_2024,5,6,Lille,2,2,1,7,7,0,8
2023_2024,5,7,Metz,2,2,1,7,9,-2,8
2023_2024,5,8,Rennes,1,4,0,10,6,4,7
2023_2024,5,9,Stade Reims,2,1,2,9,7,2,7
2023_2024,5,10,Strasbourg,2,1,2,6,8,-2,7
2023_2024,5,11,Le Havre,1,3,1,8,6,2,6
2023_2024,5,12,Lorient,1,3,1,7,7,0,6
2023_2024,5,13,Toulouse,1,3,1,5,6,-1,6
2023_2024,5,14,Nantes,1,2,2,6,8,-2,5
2023_2024,5,15,Montpellier,1,2,2,9,9,0,4
2023_2024,5,16,Olympique Lyon,0,2,3,3,10,-7,2
2023_2024,5,17,Clermont,0,1,4,4,10,-6,1
2023_2024,5,18,Lens,0,1,4,4,11,-7,1
2023_2024,6,1,Brest,4,1,1,8,6,2,13
2023_2024,6,2,Nice,3,3,0,8,4,4,12
2023_2024,6,3,Paris SG,3,2,1,14,6,8,11
2023_2024,6,4,Monaco,3,2,1,15,8,7,11
2023_2024,6,5,Stade Reims,3,1,2,11,8,3,10
2023_2024,6,6,Strasbourg,3,1,2,7,8,-1,10
2023_2024,6,7,Le Havre,2,3,1,10,7,3,9
2023_2024,6,8,Olympique Marseille,2,3,1,7,8,-1,9
2023_2024,6,9,Rennes,1,5,0,10,6,4,8
2023_2024,6,10,Nantes,2,2,2,11,11,0,8
2023_2024,6,11,Lille,2,2,2,8,9,-1,8
2023_2024,6,12,Metz,2,2,2,7,10,-3,8
2023_2024,6,13,Lorient,1,3,2,10,12,-2,6
2023_2024,6,14,Toulouse,1,3,2,6,8,-2,6
2023_2024,6,15,Montpellier,1,3,2,9,9,0,5
2023_2024,6,16,Lens,1,1,4,6,12,-6,4
2023_2024,6,17,Olympique Lyon,0,2,4,3,11,-8,2
2023_2024,6,18,Clermont,0,1,5,5,12,-7,1
2023_2024,7,1,Monaco,4,2,1,18,10,8,14
2023_2024,7,2,Brest,4,2,1,8,6,2,14
2023_2024,7,3,Stade Reims,4,1,2,13,8,5,13
2023_2024,7,4,Nice,3,4,0,8,4,4,13
2023_2024,7,5,Paris SG,3,3,1,14,6,8,12
2023_2024,7,6,Rennes,2,5,0,13,7,6,11
2023_2024,7,7,Lille,3,2,2,10,9,1,11
2023_2024,7,8,Strasbourg,3,1,3,7,9,-2,10
2023_2024,7,9,Toulouse,2,3,2,9,8,1,9
2023_2024,7,10,Le Havre,2,3,2,10,9,1,9
2023_2024,7,11,Olympique Marseille,2,3,2,9,11,-2,9
2023_2024,7,12,Montpellier,2,3,2,12,9,3,8
2023_2024,7,13,Nantes,2,2,3,12,14,-2,8
2023_2024,7,14,Metz,2,2,3,7,13,-6,8
2023_2024,7,15,Lens,2,1,4,7,12,-5,7
2023_2024,7,16,Lorient,1,3,3,10,15,-5,6
2023_2024,7,17,Clermont,0,2,5,5,12,-7,2
2023_2024,7,18,Olympique Lyon,0,2,5,3,13,-10,2
2023_2024,8,1,Monaco,5,2,1,21,11,10,17
2023_2024,8,2,Nice,4,4,0,9,4,5,16
2023_2024,8,3,Paris SG,4,3,1,17,7,10,15
2023_2024,8,4,Brest,4,3,1,9,7,2,15
2023_2024,8,5,Stade Reims,4,1,3,14,11,3,13
2023_2024,8,6,Olympique Marseille,3,3,2,12,11,1,12
2023_2024,8,7,Lille,3,3,2,11,10,1,12
2023_2024,8,8,Rennes,2,5,1,14,10,4,11
2023_2024,8,9,Nantes,3,2,3,14,15,-1,11
2023_2024,8,10,Toulouse,2,4,2,10,9,1,10
2023_2024,8,11,Strasbourg,3,1,4,8,11,-3,10
2023_2024,8,12,Montpellier,2,4,2,13,10,3,9
2023_2024,8,13,Le Havre,2,3,3,10,12,-2,9
2023_2024,8,14,Lens,2,2,4,8,13,-5,8
2023_2024,8,15,Metz,2,2,4,7,14,-7,8
2023_2024,8,16,Lorient,1,4,3,13,18,-5,7
2023_2024,8,17,Clermont,0,3,5,6,13,-7,3
2023_2024,8,18,Olympique Lyon,0,3,5,6,16,-10,3
2023_2024,9,1,Monaco,6,2,1,23,12,11,20
2023_2024,9,2,Nice,5,4,0,10,4,6,19
2023_2024,9,3,Paris SG,5,3,1,20,7,13,18
2023_2024,9,4,Lille,4,3,2,12,10,2,15
2023_2024,9,5,Brest,4,3,2,9,8,1,15
2023_2024,9,6,Stade Reims,4,2,3,15,12,3,14
2023_2024,9,7,Nantes,4,2,3,16,15,1,14
2023_2024,9,8,Olympique Marseille,3,3,3,12,12,0,12
2023_2024,9,9,Rennes,2,5,2,15,12,3,11
2023_2024,9,10,Toulouse,2,5,2,11,10,1,11
2023_2024,9,11,Le Havre,2,4,3,10,12,-2,10
2023_2024,9,12,Lorient,2,4,3,15,19,-4,10
2023_2024,9,13,Strasbourg,3,1,5,8,14,-6,10
2023_2024,9,14,Montpellier,2,4,3,13,12,1,9
2023_2024,9,15,Lens,2,3,4,8,13,-5,9
2023_2024,9,16,Metz,2,2,5,8,16,-8,8
2023_2024,9,17,Clermont,1,3,5,8,14,-6,6
2023_2024,9,18,Olympique Lyon,0,3,6,7,18,-11,3
2023_2024,10,1,Nice,6,4,0,11,4,7,22
2023_2024,10,2,Paris SG,6,3,1,23,9,14,21
2023_2024,10,3,Monaco,6,2,2,23,14,9,20
2023_2024,10,4,Lille,5,3,2,14,10,4,18
2023_2024,10,5,Stade Reims,5,2,3,16,12,4,17
2023_2024,10,6,Olympique Marseille,4,3,3,15,12,3,15
2023_2024,10,7,Brest,4,3,3,11,11,0,15
2023_2024,10,8,Nantes,4,2,4,16,19,-3,14
2023_2024,10,9,Montpellier,3,4,3,16,12,4,12
2023_2024,10,10,Rennes,2,6,2,16,13,3,12
2023_2024,10,11,Lens,3,3,4,12,13,-1,12
2023_2024,10,12,Le Havre,2,5,3,10,12,-2,11
2023_2024,10,13,Toulouse,2,5,3,11,13,-2,11
2023_2024,10,14,Strasbourg,3,2,5,9,15,-6,11
2023_2024,10,15,Lorient,2,4,4,15,20,-5,10
2023_2024,10,16,Metz,2,3,5,8,16,-8,9
2023_2024,10,17,Clermont,1,3,6,8,15,-7,6
2023_2024,10,18,Olympique Lyon,0,3,7,7,21,-14,3
2023_2024,11,1,Nice,7,4,0,13,4,9,25
2023_2024,11,2,Paris SG,7,3,1,26,9,17,24
2023_2024,11,3,Monaco,7,2,2,25,14,11,23
2023_2024,11,4,Stade Reims,6,2,3,17,12,5,20
2023_2024,11,5,Lille,5,4,2,14,10,4,19
2023_2024,11,6,Olympique Marseille,4,4,3,15,12,3,16
2023_2024,11,7,Brest,4,3,4,11,13,-2,15
2023_2024,11,8,Le Havre,3,5,3,12,13,-1,14
2023_2024,11,9,Nantes,4,2,5,16,20,-4,14
2023_2024,11,10,Lens,3,4,4,12,13,-1,13
2023_2024,11,11,Montpellier,3,4,4,16,15,1,12
2023_2024,11,12,Rennes,2,6,3,16,15,1,12
2023_2024,11,13,Strasbourg,3,3,5,9,15,-6,12
2023_2024,11,14,Toulouse,2,5,4,12,15,-3,11
2023_2024,11,15,Lorient,2,5,4,15,20,-5,11
2023_2024,11,16,Metz,2,4,5,9,17,-8,10
2023_2024,11,17,Clermont,1,4,6,8,15,-7,7
2023_2024,11,18,Olympique Lyon,0,4,7,8,22,-14,4
2023_2024,12,1,Paris SG,8,3,1,29,9,20,27
2023_2024,12,2,Nice,7,5,0,13,4,9,26
2023_2024,12,3,Monaco,7,3,2,25,14,11,24
2023_2024,12,4,Lille,5,5,2,15,11,4,20
2023_2024,12,5,Stade Reims,6,2,4,17,15,2,20
2023_2024,12,6,Olympique Marseille,4,4,4,15,13,2,16
2023_2024,12,7,Lens,4,4,4,13,13,0,16
2023_2024,12,8,Brest,4,4,4,12,14,-2,16
2023_2024,12,9,Le Havre,3,6,3,12,13,-1,15
2023_2024,12,10,Nantes,4,2,6,17,23,-6,14
2023_2024,12,11,Montpellier,3,5,4,16,15,1,13
2023_2024,12,12,Strasbourg,3,4,5,10,16,-6,13
2023_2024,12,13,Metz,3,4,5,12,18,-6,13
2023_2024,12,14,Rennes,2,6,4,16,16,0,12
2023_2024,12,15,Toulouse,2,6,4,13,16,-3,12
2023_2024,12,16,Lorient,2,5,5,15,21,-6,11
2023_2024,12,17,Clermont,2,4,6,9,15,-6,10
2023_2024,12,18,Olympique Lyon,1,4,7,9,22,-13,7
2023_2024,13,1,Paris SG,9,3,1,34,11,23,30
2023_2024,13,2,Nice,8,5,0,14,4,10,29
2023_2024,13,3,Monaco,7,3,3,27,19,8,24
2023_2024,13,4,Lille,6,5,2,17,11,6,23
2023_2024,13,5,Stade Reims,6,2,5,18,18,0,20
2023_2024,13,6,Lens,5,4,4,16,13,3,19
2023_2024,13,7,Brest,5,4,4,15,15,0,19
2023_2024,13,8,Olympique Marseille,4,5,4,16,14,2,17
2023_2024,13,9,Le Havre,3,7,3,12,13,-1,16
2023_2024,13,10,Metz,4,4,5,15,20,-5,16
2023_2024,13,11,Rennes,3,6,4,19,17,2,15
2023_2024,13,12,Nantes,4,3,6,17,23,-6,15
2023_2024,13,13,Strasbourg,3,5,5,11,17,-6,14
2023_2024,13,14,Montpellier,3,5,5,17,18,-1,13
2023_2024,13,15,Toulouse,2,6,5,13,17,-4,12
2023_2024,13,16,Lorient,2,5,6,17,24,-7,11
2023_2024,13,17,Clermont,2,4,7,9,18,-9,10
2023_2024,13,18,Olympique Lyon,1,4,8,9,24,-15,7
2023_2024,14,1,Paris SG,10,3,1,36,11,25,33
2023_2024,14,2,Nice,8,5,1,14,5,9,29
2023_2024,14,3,Monaco,8,3,3,29,19,10,27
2023_2024,14,4,Lille,7,5,2,19,11,8,26
2023_2024,14,5,Stade Reims,7,2,5,20,19,1,23
2023_2024,14,6,Lens,6,4,4,19,15,4,22
2023_2024,14,7,Brest,6,4,4,18,15,3,22
2023_2024,14,8,Olympique Marseille,5,5,4,18,14,4,20
2023_2024,14,9,Nantes,5,3,6,18,23,-5,18
2023_2024,14,10,Le Havre,3,7,4,12,15,-3,16
2023_2024,14,11,Metz,4,4,6,15,22,-7,16
2023_2024,14,12,Rennes,3,6,5,19,19,0,15
2023_2024,14,13,Strasbourg,3,5,6,12,19,-7,14
2023_2024,14,14,Montpellier,3,5,6,17,20,-3,13
2023_2024,14,15,Toulouse,2,7,5,14,18,-4,13
2023_2024,14,16,Lorient,2,6,6,18,25,-7,12
2023_2024,14,17,Clermont,2,4,8,9,21,-12,10
2023_2024,14,18,Olympique Lyon,1,4,9,11,27,-16,7
2023_2024,15,1,Paris SG,11,3,1,38,12,26,36
2023_2024,15,2,Nice,9,5,1,16,6,10,32
2023_2024,15,3,Monaco,9,3,3,31,20,11,30
2023_2024,15,4,Lille,7,6,2,19,11,8,27
2023_2024,15,5,Brest,7,4,4,19,15,4,25
2023_2024,15,6,Olympique Marseille,6,5,4,22,16,6,23
2023_2024,15,7,Lens,6,5,4,19,15,4,23
2023_2024,15,8,Stade Reims,7,2,6,21,21,0,23
2023_2024,15,9,Nantes,5,3,7,19,25,-6,18
2023_2024,15,10,Strasbourg,4,5,6,14,20,-6,17
2023_2024,15,11,Le Havre,3,7,5,13,17,-4,16
2023_2024,15,12,Metz,4,4,7,15,23,-8,16
2023_2024,15,13,Rennes,3,6,6,20,21,-1,15
2023_2024,15,14,Montpellier,3,6,6,17,20,-3,14
2023_2024,15,15,Toulouse,2,7,6,14,21,-7,13
2023_2024,15,16,Lorient,2,6,7,20,29,-9,12
2023_2024,15,17,Clermont,2,5,8,9,21,-12,11
2023_2024,15,18,Olympique Lyon,2,4,9,14,27,-13,10
2023_2024,16,1,Paris SG,11,4,1,39,13,26,37
2023_2024,16,2,Nice,9,5,2,17,9,8,32
2023_2024,16,3,Monaco,9,3,4,31,21,10,30
2023_2024,16,4,Lille,7,7,2,20,12,8,28
2023_2024,16,5,Brest,8,4,4,21,15,6,28
2023_2024,16,6,Olympique Marseille,7,5,4,24,17,7,26
2023_2024,16,7,Lens,7,5,4,21,15,6,26
2023_2024,16,8,Stade Reims,7,2,7,21,23,-2,23
2023_2024,16,9,Strasbourg,5,5,6,16,21,-5,20
2023_2024,16,10,Le Havre,4,7,5,16,18,-2,19
2023_2024,16,11,Nantes,5,3,8,19,27,-8,18
2023_2024,16,12,Montpellier,4,6,6,18,20,-2,17
2023_2024,16,13,Rennes,3,7,6,20,21,-1,16
2023_2024,16,14,Metz,4,4,8,15,24,-9,16
2023_2024,16,15,Toulouse,2,8,6,14,21,-7,14
2023_2024,16,16,Olympique Lyon,3,4,9,15,27,-12,13
2023_2024,16,17,Lorient,2,6,8,21,31,-10,12
2023_2024,16,18,Clermont,2,5,9,10,23,-13,11
2023_2024,17,1,Paris SG,12,4,1,42,14,28,40
2023_2024,17,2,Nice,10,5,2,19,9,10,35
2023_2024,17,3,Monaco,10,3,4,33,22,11,33
2023_2024,17,4,Brest,9,4,4,25,15,10,31
2023_2024,17,5,Lille,7,7,3,21,14,7,28
2023_2024,17,6,Olympique Marseille,7,6,4,25,18,7,27
2023_2024,17,7,Lens,7,5,5,21,17,4,26
2023_2024,17,8,Stade Reims,8,2,7,22,23,-1,26
2023_2024,17,9,Strasbourg,6,5,6,18,22,-4,23
2023_2024,17,10,Rennes,4,7,6,23,22,1,19
2023_2024,17,11,Le Havre,4,7,6,16,19,-3,19
2023_2024,17,12,Montpellier,4,7,6,19,21,-2,18
2023_2024,17,13,Nantes,5,3,9,19,28,-9,18
2023_2024,17,14,Metz,4,4,9,16,27,-11,16
2023_2024,17,15,Olympique Lyon,4,4,9,16,27,-11,16
2023_2024,17,16,Toulouse,2,8,7,15,23,-8,14
2023_2024,17,17,Lorient,2,6,9,21,35,-14,12
2023_2024,17,18,Clermont,2,5,10,11,26,-15,11
2023_2024,18,1,Paris SG,13,4,1,44,14,30,43
2023_2024,18,2,Nice,10,5,3,19,11,8,35
2023_2024,18,3,Brest,10,4,4,27,15,12,34
2023_2024,18,4,Monaco,10,3,5,34,25,9,33
2023_2024,18,5,Lille,8,7,3,24,14,10,31
2023_2024,18,6,Stade Reims,9,2,7,25,24,1,29
2023_2024,18,7,Olympique Marseille,7,7,4,26,19,7,28
2023_2024,18,8,Lens,7,5,6,21,19,2,26
2023_2024,18,9,Strasbourg,6,6,6,19,23,-4,24
2023_2024,18,10,Rennes,5,7,6,25,22,3,22
2023_2024,18,11,Le Havre,5,7,6,19,20,-1,22
2023_2024,18,12,Montpellier,4,7,7,19,23,-4,18
2023_2024,18,13,Nantes,5,3,10,20,30,-10,18
2023_2024,18,14,Toulouse,3,8,7,16,23,-7,17
2023_2024,18,15,Metz,4,4,10,16,28,-12,16
2023_2024,18,16,Olympique Lyon,4,4,10,17,30,-13,16
2023_2024,18,17,Clermont,3,5,10,13,27,-14,14
2023_2024,18,18,Lorient,2,6,10,21,38,-17,12
2023_2024,19,1,Paris SG,13,5,1,46,16,30,44
2023_2024,19,2,Nice,11,5,3,20,11,9,38
2023_2024,19,3,Brest,10,5,4,29,17,12,35
2023_2024,19,4,Monaco,10,4,5,36,27,9,34
2023_2024,19,5,Lille,8,8,3,24,14,10,32
2023_2024,19,6,Stade Reims,9,3,7,25,24,1,30
2023_2024,19,7,Olympique Marseille,7,8,4,28,21,7,29
2023_2024,19,8,Lens,8,5,6,23,19,4,29
2023_2024,19,9,Rennes,6,7,6,28,24,4,25
2023_2024,19,10,Strasbourg,6,7,6,20,24,-4,25
2023_2024,19,11,Le Havre,5,8,6,22,23,-1,23
2023_2024,19,12,Montpellier,4,8,7,19,23,-4,19
2023_2024,19,13,Nantes,5,4,10,20,30,-10,19
2023_2024,19,14,Toulouse,3,8,8,16,25,-9,17
2023_2024,19,15,Metz,4,4,11,16,29,-13,16
2023_2024,19,16,Olympique Lyon,4,4,11,19,33,-14,16
2023_2024,19,17,Clermont,3,6,10,14,28,-14,15
2023_2024,19,18,Lorient,2,7,10,24,41,-17,13
2023_2024,20,1,Paris SG,14,5,1,48,17,31,47
2023_2024,20,2,Nice,11,6,3,20,11,9,39
2023_2024,20,3,Brest,10,6,4,29,17,12,36
2023_2024,20,4,Lille,9,8,3,28,14,14,35
2023_2024,20,5,Monaco,10,5,5,37,28,9,35
2023_2024,20,6,Lens,9,5,6,24,19,5,32
2023_2024,20,7,Stade Reims,9,3,8,27,27,0,30
2023_2024,20,8,Olympique Marseille,7,8,5,28,22,6,29
2023_2024,20,9,Rennes,7,7,6,30,25,5,28
2023_2024,20,10,Strasbourg,6,7,7,21,26,-5,25
2023_2024,20,11,Le Havre,5,9,6,23,24,-1,24
2023_2024,20,12,Toulouse,4,8,8,19,27,-8,20
2023_2024,20,13,Montpellier,4,8,8,20,25,-5,19
2023_2024,20,14,Nantes,5,4,11,20,31,-11,19
2023_2024,20,15,Olympique Lyon,5,4,11,20,33,-13,19
2023_2024,20,16,Metz,4,4,12,17,31,-14,16
2023_2024,20,17,Lorient,3,7,10,26,42,-16,16
2023_2024,20,18,Clermont,3,6,11,14,32,-18,15
2023_2024,21,1,Paris SG,15,5,1,51,18,33,50
2023_2024,21,2,Nice,11,6,4,22,14,8,39
2023_2024,21,3,Monaco,11,5,5,40,30,10,38
2023_2024,21,4,Brest,10,7,4,30,18,12,37
2023_2024,21,5,Lille,9,8,4,29,17,12,35
2023_2024,21,6,Lens,10,5,6,27,20,7,35
2023_2024,21,7,Rennes,8,7,6,31,25,6,31
2023_2024,21,8,Olympique Marseille,7,9,5,29,23,6,30
2023_2024,21,9,Stade Reims,9,3,9,27,29,-2,30
2023_2024,21,10,Strasbourg,6,7,8,22,29,-7,25
2023_2024,21,11,Le Havre,5,9,7,23,25,-2,24
2023_2024,21,12,Nantes,6,4,11,22,32,-10,22
2023_2024,21,13,Olympique Lyon,6,4,11,22,34,-12,22
2023_2024,21,14,Toulouse,4,8,9,20,29,-9,20
2023_2024,21,15,Montpellier,4,8,9,21,27,-6,19
2023_2024,21,16,Lorient,4,7,10,28,42,-14,19
2023_2024,21,17,Metz,4,5,12,18,32,-14,17
2023_2024,21,18,Clermont,3,7,11,15,33,-18,16
2023_2024,22,1,Paris SG,16,5,1,53,18,35,53
2023_2024,22,2,Brest,11,7,4,31,18,13,40
2023_2024,22,3,Nice,11,6,5,22,15,7,39
2023_2024,22,4,Lille,10,8,4,32,17,15,38
2023_2024,22,5,Monaco,11,5,6,41,32,9,38
2023_2024,22,6,Lens,10,6,6,28,21,7,36
2023_2024,22,7,Rennes,9,7,6,34,26,8,34
2023_2024,22,8,Stade Reims,9,4,9,28,30,-2,31
2023_2024,22,9,Olympique Marseille,7,9,6,29,24,5,30
2023_2024,22,10,Strasbourg,6,7,9,23,32,-9,25
2023_2024,22,11,Olympique Lyon,7,4,11,23,34,-11,25
2023_2024,22,12,Le Havre,5,9,8,23,28,-5,24
2023_2024,22,13,Toulouse,5,8,9,22,30,-8,23
2023_2024,22,14,Montpellier,5,8,9,24,27,-3,22
2023_2024,22,15,Nantes,6,4,12,22,34,-12,22
2023_2024,22,16,Lorient,5,7,10,31,43,-12,22
2023_2024,22,17,Metz,4,5,13,18,35,-17,17
2023_2024,22,18,Clermont,3,7,12,16,36,-20,16
2023_2024,23,1,Paris SG,16,6,1,54,19,35,54
2023_2024,23,2,Brest,12,7,4,34,18,16,43
2023_2024,23,3,Monaco,12,5,6,44,34,10,41
2023_2024,23,4,Nice,11,7,5,22,15,7,40
2023_2024,23,5,Lille,10,8,5,33,20,13,38
2023_2024,23,6,Lens,10,6,7,30,24,6,36
2023_2024,23,7,Rennes,9,8,6,35,27,8,35
2023_2024,23,8,Stade Reims,10,4,9,30,31,-1,34
2023_2024,23,9,Olympique Marseille,8,9,6,33,25,8,33
2023_2024,23,10,Olympique Lyon,8,4,11,25,35,-10,28
2023_2024,23,11,Toulouse,6,8,9,25,31,-6,26
2023_2024,23,12,Nantes,7,4,12,23,34,-11,25
2023_2024,23,13,Strasbourg,6,7,10,23,35,-12,25
2023_2024,23,14,Le Havre,5,9,9,24,30,-6,24
2023_2024,23,15,Montpellier,5,8,10,25,31,-6,22
2023_2024,23,16,Lorient,5,7,11,31,44,-13,22
2023_2024,23,17,Metz,4,5,14,19,37,-18,17
2023_2024,23,18,Clermont,3,8,12,16,36,-20,17
2023_2024,24,1,Paris SG,16,7,1,54,19,35,55
2023_2024,24,2,Brest,13,7,4,35,18,17,46
2023_2024,24,3,Monaco,12,6,6,44,34,10,42
2023_2024,24,4,Lille,11,8,5,34,20,14,41
2023_2024,24,5,Nice,11,7,6,23,17,6,40
2023_2024,24,6,Lens,11,6,7,33,24,9,39
2023_2024,24,7,Olympique Marseille,9,9,6,38,26,12,36
2023_2024,24,8,Rennes,9,8,7,36,29,7,35
2023_2024,24,9,Stade Reims,10,4,10,30,32,-2,34
2023_2024,24,10,Toulouse,7,8,9,27,32,-5,29
2023_2024,24,11,Olympique Lyon,8,4,12,25,38,-13,28
2023_2024,24,12,Strasbourg,6,8,10,25,37,-12,26
2023_2024,24,13,Lorient,6,7,11,33,45,-12,25
2023_2024,24,14,Nantes,7,4,13,23,36,-13,25
2023_2024,24,15,Le Havre,5,9,10,24,31,-7,24
2023_2024,24,16,Montpellier,5,9,10,27,33,-6,23
2023_2024,24,17,Metz,5,5,14,21,37,-16,20
2023_2024,24,18,Clermont,3,8,13,17,41,-24,17
2023_2024,25,1,Paris SG,16,8,1,56,21,35,56
2023_2024,25,2,Brest,13,7,5,35,19,16,46
2023_2024,25,3,Monaco,13,6,6,45,34,11,45
2023_2024,25,4,Lille,11,9,5,36,22,14,42
2023_2024,25,5,Lens,12,6,7,34,24,10,42
2023_2024,25,6,Nice,11,7,7,24,19,5,40
2023_2024,25,7,Olympique Marseille,10,9,6,40,26,14,39
2023_2024,25,8,Rennes,9,9,7,38,31,7,36
2023_2024,25,9,Stade Reims,10,5,10,32,34,-2,35
2023_2024,25,10,Olympique Lyon,9,4,12,27,38,-11,31
2023_2024,25,11,Toulouse,7,8,10,27,33,-6,29
2023_2024,25,12,Le Havre,6,9,10,25,31,-6,27
2023_2024,25,13,Montpellier,6,9,10,29,34,-5,26
2023_2024,25,14,Strasbourg,6,8,11,25,38,-13,26
2023_2024,25,15,Lorient,6,7,12,33,47,-14,25
2023_2024,25,16,Nantes,7,4,14,23,38,-15,25
2023_2024,25,17,Metz,6,5,14,22,37,-15,23
2023_2024,25,18,Clermont,3,8,14,17,42,-25,17
2023_2024,26,1,Paris SG,17,8,1,62,23,39,59
2023_2024,26,2,Brest,13,8,5,36,20,16,47
2023_2024,26,3,Monaco,13,7,6,47,36,11,46
2023_2024,26,4,Lille,11,10,5,37,23,14,43
2023_2024,26,5,Nice,12,7,7,27,20,7,43
2023_2024,26,6,Lens,12,6,8,35,27,8,42
2023_2024,26,7,Olympique Marseille,10,9,7,40,28,12,39
2023_2024,26,8,Rennes,10,9,7,40,31,9,39
2023_2024,26,9,Stade Reims,11,5,10,34,35,-1,38
2023_2024,26,10,Olympique Lyon,10,4,12,30,40,-10,34
2023_2024,26,11,Toulouse,7,8,11,29,36,-7,29
2023_2024,26,12,Strasbourg,7,8,11,28,39,-11,29
2023_2024,26,13,Le Havre,6,9,11,26,33,-7,27
2023_2024,26,14,Montpellier,6,9,11,31,40,-9,26
2023_2024,26,15,Lorient,6,8,12,35,49,-14,26
2023_2024,26,16,Nantes,7,4,15,24,41,-17,25
2023_2024,26,17,Metz,6,5,15,23,39,-16,23
2023_2024,26,18,Clermont,4,8,14,19,43,-24,20
2023_2024,27,1,Paris SG,18,8,1,64,23,41,62
2023_2024,27,2,Brest,14,8,5,37,20,17,50
2023_2024,27,3,Monaco,14,7,6,52,38,14,49
2023_2024,27,4,Lille,12,10,5,39,24,15,46
2023_2024,27,5,Nice,12,7,8,28,22,6,43
2023_2024,27,6,Lens,12,6,9,36,29,7,42
2023_2024,27,7,Olympique Marseille,10,9,8,40,30,10,39
2023_2024,27,8,Rennes,10,9,8,40,33,7,39
2023_2024,27,9,Stade Reims,11,6,10,35,36,-1,39
2023_2024,27,10,Olympique Lyon,10,5,12,31,41,-10,35
2023_2024,27,11,Toulouse,8,8,11,32,36,-4,32
2023_2024,27,12,Strasbourg,8,8,11,30,39,-9,32
2023_2024,27,13,Montpellier,7,9,11,33,40,-7,29
2023_2024,27,14,Nantes,8,4,15,26,42,-16,28
2023_2024,27,15,Le Havre,6,9,12,26,35,-9,27
2023_2024,27,16,Lorient,6,8,13,35,50,-15,26
2023_2024,27,17,Metz,6,5,16,25,44,-19,23
2023_2024,27,18,Clermont,4,8,15,19,46,-27,20
2023_2024,28,1,Paris SG,18,9,1,65,24,41,63
2023_2024,28,2,Brest,15,8,5,41,23,18,53
2023_2024,28,3,Monaco,15,7,6,53,38,15,52
2023_2024,28,4,Lille,13,10,5,42,25,17,49
2023_2024,28,5,Nice,12,8,8,28,22,6,44
2023_2024,28,6,Lens,12,7,9,37,30,7,43
2023_2024,28,7,Stade Reims,11,7,10,35,36,-1,40
2023_2024,28,8,Olympique Marseille,10,9,9,41,33,8,39
2023_2024,28,9,Rennes,10,9,9,40,34,6,39
2023_2024,28,10,Olympique Lyon,11,5,12,34,42,-8,38
2023_2024,28,11,Toulouse,8,9,11,32,36,-4,33
2023_2024,28,12,Strasbourg,8,9,11,30,39,-9,33
2023_2024,28,13,Montpellier,8,9,11,35,40,-5,32
2023_2024,28,14,Le Havre,6,10,12,27,36,-9,28
2023_2024,28,15,Nantes,8,4,16,27,45,-18,28
2023_2024,28,16,Lorient,6,8,14,35,52,-17,26
2023_2024,28,17,Metz,6,5,17,28,48,-20,23
2023_2024,28,18,Clermont,4,9,15,20,47,-27,21
2023_2024,29,1,Paris SG,19,9,1,69,25,44,66
2023_2024,29,2,Monaco,16,7,6,54,38,16,55
2023_2024,29,3,Brest,15,8,6,44,27,17,53
2023_2024,29,4,Lille,13,10,6,42,26,16,49
2023_2024,29,5,Nice,12,9,8,30,24,6,45
2023_2024,29,6,Lens,12,7,10,38,32,6,43
2023_2024,29,7,Olympique Lyon,12,5,12,38,45,-7,41
2023_2024,29,8,Olympique Marseille,10,10,9,43,35,8,40
2023_2024,29,9,Stade Reims,11,7,11,36,39,-3,40
2023_2024,29,10,Rennes,10,9,10,41,36,5,39
2023_2024,29,11,Toulouse,9,9,11,34,37,-3,36
2023_2024,29,12,Strasbourg,9,9,11,33,40,-7,36
2023_2024,29,13,Montpellier,8,10,11,36,41,-5,33
2023_2024,29,14,Nantes,9,4,16,28,45,-17,31
2023_2024,29,15,Le Havre,6,10,13,27,37,-10,28
2023_2024,29,16,Metz,7,5,17,30,49,-19,26
2023_2024,29,17,Lorient,6,8,15,36,56,-20,26
2023_2024,29,18,Clermont,4,10,15,21,48,-27,22
2023_2024,30,1,Paris SG,20,9,1,73,26,47,69
2023_2024,30,2,Monaco,17,7,6,56,38,18,58
2023_2024,30,3,Brest,15,8,7,44,29,15,53
2023_2024,30,4,Lille,14,10,6,43,26,17,52
2023_2024,30,5,Nice,13,9,8,33,24,9,48
2023_2024,30,6,Lens,13,7,10,39,32,7,46
2023_2024,30,7,Rennes,11,9,10,44,36,8,42
2023_2024,30,8,Olympique Marseille,10,11,9,45,37,8,41
2023_2024,30,9,Olympique Lyon,12,5,13,39,49,-10,41
2023_2024,30,10,Stade Reims,11,7,12,37,41,-4,40
2023_2024,30,11,Toulouse,9,10,11,36,39,-3,37
2023_2024,30,12,Montpellier,9,10,11,38,42,-4,36
2023_2024,30,13,Strasbourg,9,9,12,33,41,-8,36
2023_2024,30,14,Nantes,9,4,17,28,48,-20,31
2023_2024,30,15,Metz,8,5,17,31,49,-18,29
2023_2024,30,16,Le Havre,6,10,14,27,38,-11,28
2023_2024,30,17,Lorient,6,8,16,36,59,-23,26
2023_2024,30,18,Clermont,4,10,16,21,49,-28,22
2023_2024,31,1,Paris SG,20,10,1,76,29,47,70
2023_2024,31,2,Monaco,17,7,7,58,41,17,58
2023_2024,31,3,Brest,16,8,7,49,33,16,56
2023_2024,31,4,Lille,15,10,6,45,27,18,55
2023_2024,31,5,Nice,14,9,8,36,25,11,51
2023_2024,31,6,Lens,13,7,11,40,34,6,46
2023_2024,31,7,Olympique Marseille,11,11,9,47,38,9,44
2023_2024,31,8,Olympique Lyon,13,5,13,42,51,-9,44
2023_2024,31,9,Rennes,11,9,11,48,41,7,42
2023_2024,31,10,Toulouse,10,10,11,38,40,-2,40
2023_2024,31,11,Stade Reims,11,7,13,38,45,-7,40
2023_2024,31,12,Montpellier,9,11,11,39,43,-4,37
2023_2024,31,13,Strasbourg,9,9,13,34,44,-10,36
2023_2024,31,14,Nantes,9,5,17,29,49,-20,32
2023_2024,31,15,Le Havre,6,11,14,30,41,-11,29
2023_2024,31,16,Metz,8,5,18,32,51,-19,29
2023_2024,31,17,Lorient,6,8,17,37,61,-24,26
2023_2024,31,18,Clermont,5,10,16,25,50,-25,25
2023_2024,32,1,Paris SG,21,10,1,78,30,48,73
2023_2024,32,2,Monaco,18,7,7,62,42,20,61
2023_2024,32,3,Brest,16,9,7,49,33,16,57
2023_2024,32,4,Lille,15,10,7,48,31,17,55
2023_2024,32,5,Nice,14,9,9,37,27,10,51
2023_2024,32,6,Lens,14,7,11,42,34,8,49
2023_2024,32,7,Olympique Lyon,14,5,13,46,54,-8,47
2023_2024,32,8,Rennes,12,9,11,51,43,8,45
2023_2024,32,9,Olympique Marseille,11,11,10,47,39,8,44
2023_2024,32,10,Stade Reims,12,7,13,39,45,-6,43
2023_2024,32,11,Montpellier,10,11,11,41,44,-3,40
2023_2024,32,12,Toulouse,10,10,12,39,42,-3,40
2023_2024,32,13,Strasbourg,9,9,14,35,47,-12,36
2023_2024,32,14,Nantes,9,6,17,29,49,-20,33
2023_2024,32,15,Le Havre,7,11,14,33,42,-9,32
2023_2024,32,16,Metz,8,5,19,34,54,-20,29
2023_2024,32,17,Lorient,6,8,18,37,63,-26,26
2023_2024,32,18,Clermont,5,10,17,26,54,-28,25
2023_2024,33,1,Paris SG,21,10,2,79,33,46,73
2023_2024,33,2,Monaco,19,7,7,64,42,22,64
2023_2024,33,3,Lille,16,10,7,50,32,18,58
2023_2024,33,4,Brest,16,10,7,50,34,16,58
2023_2024,33,5,Nice,15,9,9,38,27,11,54
2023_2024,33,6,Lens,14,8,11,43,35,8,50
2023_2024,33,7,Olympique Lyon,15,5,13,47,54,-7,50
2023_2024,33,8,Olympique Marseille,12,11,10,50,40,10,47
2023_2024,33,9,Rennes,12,10,11,52,44,8,46
2023_2024,33,10,Stade Reims,12,8,13,40,46,-6,44
2023_2024,33,11,Toulouse,11,10,12,42,43,-1,43
2023_2024,33,12,Montpellier,10,11,12,41,46,-5,40
2023_2024,33,13,Strasbourg,10,9,14,37,48,-11,39
2023_2024,33,14,Nantes,9,6,18,30,51,-21,33
2023_2024,33,15,Le Havre,7,11,15,33,43,-10,32
2023_2024,33,16,Metz,8,5,20,35,56,-21,29
2023_2024,33,17,Lorient,6,8,19,38,66,-28,26
2023_2024,33,18,Clermont,5,10,18,26,55,-29,25
2023_2024,34,1,Paris SG,22,10,2,81,33,48,76
2023_2024,34,2,Monaco,20,7,7,68,42,26,67
2023_2024,34,3,Brest,17,10,7,53,34,19,61
2023_2024,34,4,Lille,16,11,7,52,34,18,59
2023_2024,34,5,Nice,15,10,9,40,29,11,55
2023_2024,34,6,Olympique Lyon,16,5,13,49,55,-6,53
2023_2024,34,7,Lens,14,9,11,45,37,8,51
2023_2024,34,8,Olympique Marseille,13,11,10,52,41,11,50
2023_2024,34,9,Stade Reims,13,8,13,42,47,-5,47
2023_2024,34,10,Rennes,12,10,12,53,46,7,46
2023_2024,34,11,Toulouse,11,10,13,42,46,-4,43
2023_2024,34,12,Montpellier,10,12,12,43,48,-5,41
2023_2024,34,13,Strasbourg,10,9,15,38,50,-12,39
2023_2024,34,14,Nantes,9,6,19,30,55,-25,33
2023_2024,34,15,Le Havre,7,11,16,34,45,-11,32
2023_2024,34,16,Metz,8,5,21,35,58,-23,29
2023_2024,34,17,Lorient,7,8,19,43,66,-23,29
2023_2024,34,18,Clermont,5,10,19,26,60,-34,25
2024_2025,1,1,Olympique Marseille,1,0,0,5,1,4,3
2024_2025,1,2,Paris SG,1,0,0,4,1,3,3
2024_2025,1,3,Rennes,1,0,0,3,0,3,3
2024_2025,1,4,Lille,1,0,0,2,0,2,3
2024_2025,1,5,Auxerre,1,0,0,2,1,1,3
2024_2025,1,6,Lens,1,0,0,1,0,1,3
2024_2025,1,7,Monaco,1,0,0,1,0,1,3
2024_2025,1,8,Strasbourg,0,1,0,1,1,0,1
2024_2025,1,9,Montpellier,0,1,0,1,1,0,1
2024_2025,1,10,Toulouse,0,1,0,0,0,0,1
2024_2025,1,11,Nantes,0,1,0,0,0,0,1
2024_2025,1,12,Nice,0,0,1,1,2,-1,0
2024_2025,1,13,Angers,0,0,1,0,1,-1,0
2024_2025,1,14,Saint Etienne,0,0,1,0,1,-1,0
2024_2025,1,15,Stade Reims,0,0,1,0,2,-2,0
2024_2025,1,16,Le Havre,0,0,1,1,4,-3,0
2024_2025,1,17,Olympique Lyon,0,0,1,0,3,-3,0
2024_2025,1,18,Brest,0,0,1,1,5,-4,0
2024_2025,2,1,Paris SG,2,0,0,10,1,9,6
2024_2025,2,2,Lille,2,0,0,4,0,4,6
2024_2025,2,3,Monaco,2,0,0,3,0,3,6
2024_2025,2,4,Lens,2,0,0,3,0,3,6
2024_2025,2,5,Olympique Marseille,1,1,0,7,3,4,4
2024_2025,2,6,Strasbourg,1,1,0,4,2,2,4
2024_2025,2,7,Nantes,1,1,0,2,0,2,4
2024_2025,2,8,Rennes,1,0,1,4,3,1,3
2024_2025,2,9,Le Havre,1,0,1,3,4,-1,3
2024_2025,2,10,Auxerre,1,0,1,2,3,-1,3
2024_2025,2,11,Toulouse,0,2,0,1,1,0,2
2024_2025,2,12,Nice,0,1,1,2,3,-1,1
2024_2025,2,13,Stade Reims,0,1,1,2,4,-2,1
2024_2025,2,14,Montpellier,0,1,1,1,7,-6,1
2024_2025,2,15,Angers,0,0,2,0,3,-3,0
2024_2025,2,16,Saint Etienne,0,0,2,0,3,-3,0
2024_2025,2,17,Olympique Lyon,0,0,2,0,5,-5,0
2024_2025,2,18,Brest,0,0,2,1,7,-6,0
2024_2025,3,1,Paris SG,3,0,0,13,2,11,9
2024_2025,3,2,Olympique Marseille,2,1,0,10,4,6,7
2024_2025,3,3,Nantes,2,1,0,5,1,4,7
2024_2025,3,4,Lens,2,1,0,4,1,3,7
2024_2025,3,5,Monaco,2,1,0,4,1,3,7
2024_2025,3,6,Lille,2,0,1,5,3,2,6
2024_2025,3,7,Le Havre,2,0,1,6,5,1,6
2024_2025,3,8,Nice,1,1,1,6,4,2,4
2024_2025,3,9,Strasbourg,1,1,1,7,6,1,4
2024_2025,3,10,Stade Reims,1,1,1,4,5,-1,4
2024_2025,3,11,Rennes,1,0,2,5,5,0,3
2024_2025,3,12,Brest,1,0,2,5,7,-2,3
2024_2025,3,13,Auxerre,1,0,2,3,6,-3,3
2024_2025,3,14,Olympique Lyon,1,0,2,4,8,-4,3
2024_2025,3,15,Toulouse,0,2,1,2,4,-2,2
2024_2025,3,16,Montpellier,0,1,2,2,10,-8,1
2024_2025,3,17,Angers,0,0,3,1,7,-6,0
2024_2025,3,18,Saint Etienne,0,0,3,0,7,-7,0
2024_2025,4,1,Paris SG,4,0,0,16,3,13,12
2024_2025,4,2,Olympique Marseille,3,1,0,12,4,8,10
2024_2025,4,3,Monaco,3,1,0,7,1,6,10
2024_2025,4,4,Lens,2,2,0,4,1,3,8
2024_2025,4,5,Nantes,2,1,1,6,3,3,7
2024_2025,4,6,Stade Reims,2,1,1,6,6,0,7
2024_2025,4,7,Rennes,2,0,2,8,5,3,6
2024_2025,4,8,Lille,2,0,2,5,4,1,6
2024_2025,4,9,Le Havre,2,0,2,6,7,-1,6
2024_2025,4,10,Strasbourg,1,2,1,8,7,1,5
2024_2025,4,11,Toulouse,1,2,1,4,4,0,5
2024_2025,4,12,Nice,1,1,2,6,6,0,4
2024_2025,4,13,Olympique Lyon,1,1,2,4,8,-4,4
2024_2025,4,14,Brest,1,0,3,6,10,-4,3
2024_2025,4,15,Auxerre,1,0,3,3,9,-6,3
2024_2025,4,16,Saint Etienne,1,0,3,1,7,-6,3
2024_2025,4,17,Angers,0,1,3,2,8,-6,1
2024_2025,4,18,Montpellier,0,1,3,2,13,-11,1
2024_2025,5,1,Paris SG,4,1,0,17,4,13,13
2024_2025,5,2,Olympique Marseille,4,1,0,15,6,9,13
2024_2025,5,3,Monaco,4,1,0,10,2,8,13
2024_2025,5,4,Lens,2,3,0,5,2,3,9
2024_2025,5,5,Nantes,2,2,1,7,4,3,8
2024_2025,5,6,Stade Reims,2,2,1,7,7,0,8
2024_2025,5,7,Nice,2,1,2,14,6,8,7
2024_2025,5,8,Rennes,2,1,2,9,6,3,7
2024_2025,5,9,Lille,2,1,2,8,7,1,7
2024_2025,5,10,Strasbourg,1,3,1,11,10,1,6
2024_2025,5,11,Brest,2,0,3,8,10,-2,6
2024_2025,5,12,Le Havre,2,0,3,7,10,-3,6
2024_2025,5,13,Toulouse,1,2,2,4,6,-2,5
2024_2025,5,14,Olympique Lyon,1,1,3,6,11,-5,4
2024_2025,5,15,Montpellier,1,1,3,5,15,-10,4
2024_2025,5,16,Auxerre,1,0,4,5,12,-7,3
2024_2025,5,17,Saint Etienne,1,0,4,1,15,-14,3
2024_2025,5,18,Angers,0,2,3,3,9,-6,2
2024_2025,6,1,Paris SG,5,1,0,20,5,15,16
2024_2025,6,2,Monaco,5,1,0,12,3,9,16
2024_2025,6,3,Olympique Marseille,4,1,1,15,7,8,13
2024_2025,6,4,Stade Reims,3,2,1,10,8,2,11
2024_2025,6,5,Lille,3,1,2,11,7,4,10
2024_2025,6,6,Lens,2,4,0,5,2,3,10
2024_2025,6,7,Nantes,2,3,1,9,6,3,9
2024_2025,6,8,Strasbourg,2,3,1,12,10,2,9
2024_2025,6,9,Nice,2,2,2,14,6,8,8
2024_2025,6,10,Rennes,2,1,3,10,9,1,7
2024_2025,6,11,Olympique Lyon,2,1,3,8,12,-4,7
2024_2025,6,12,Auxerre,2,0,4,8,12,-4,6
2024_2025,6,13,Brest,2,0,4,8,13,-5,6
2024_2025,6,14,Le Havre,2,0,4,7,13,-6,6
2024_2025,6,15,Toulouse,1,2,3,5,8,-3,5
2024_2025,6,16,Montpellier,1,1,4,6,17,-11,4
2024_2025,6,17,Saint Etienne,1,1,4,3,17,-14,4
2024_2025,6,18,Angers,0,2,4,4,12,-8,2
2024_2025,7,1,Monaco,6,1,0,14,4,10,19
2024_2025,7,2,Paris SG,5,2,0,21,6,15,17
2024_2025,7,3,Olympique Marseille,4,2,1,16,8,8,14
2024_2025,7,4,Stade Reims,4,2,1,14,10,4,14
2024_2025,7,5,Lille,4,1,2,13,8,5,13
2024_2025,7,6,Lens,2,5,0,7,4,3,11
2024_2025,7,7,Strasbourg,2,4,1,14,12,2,10
2024_2025,7,8,Olympique Lyon,3,1,3,10,12,-2,10
2024_2025,7,9,Nice,2,3,2,15,7,8,9
2024_2025,7,10,Nantes,2,3,2,9,8,1,9
2024_2025,7,11,Brest,3,0,4,10,13,-3,9
2024_2025,7,12,Rennes,2,1,4,11,11,0,7
2024_2025,7,13,Saint Etienne,2,1,4,6,18,-12,7
2024_2025,7,14,Auxerre,2,0,5,9,15,-6,6
2024_2025,7,15,Le Havre,2,0,5,7,15,-8,6
2024_2025,7,16,Toulouse,1,2,4,6,10,-4,5
2024_2025,7,17,Montpellier,1,1,5,8,21,-13,4
2024_2025,7,18,Angers,0,3,4,5,13,-8,3
2024_2025,8,1,Paris SG,6,2,0,25,8,17,20
2024_2025,8,2,Monaco,6,2,0,14,4,10,20
2024_2025,8,3,Olympique Marseille,5,2,1,21,8,13,17
2024_2025,8,4,Lille,4,2,2,13,8,5,14
2024_2025,8,5,Lens,3,5,0,9,4,5,14
2024_2025,8,6,Stade Reims,4,2,2,15,12,3,14
2024_2025,8,7,Olympique Lyon,4,1,3,14,12,2,13
2024_2025,8,8,Nice,2,4,2,16,8,8,10
2024_2025,8,9,Nantes,2,4,2,10,9,1,10
2024_2025,8,10,Strasbourg,2,4,2,16,16,0,10
2024_2025,8,11,Brest,3,1,4,11,14,-3,10
2024_2025,8,12,Auxerre,3,0,5,11,16,-5,9
2024_2025,8,13,Rennes,2,2,4,12,12,0,8
2024_2025,8,14,Saint Etienne,2,1,5,6,20,-14,7
2024_2025,8,15,Toulouse,1,3,4,7,11,-4,6
2024_2025,8,16,Le Havre,2,0,6,7,19,-12,6
2024_2025,8,17,Angers,0,4,4,6,14,-8,4
2024_2025,8,18,Montpellier,1,1,6,8,26,-18,4
2024_2025,9,1,Paris SG,7,2,0,28,8,20,23
2024_2025,9,2,Monaco,6,2,1,15,6,9,20
2024_2025,9,3,Olympique Marseille,5,2,2,21,11,10,17
2024_2025,9,4,Lille,5,2,2,15,8,7,17
2024_2025,9,5,Lens,3,5,1,9,6,3,14
2024_2025,9,6,Olympique Lyon,4,2,3,16,14,2,14
2024_2025,9,7,Stade Reims,4,2,3,16,14,2,14
2024_2025,9,8,Nice,3,4,2,18,9,9,13
2024_2025,9,9,Strasbourg,3,4,2,19,17,2,13
2024_2025,9,10,Brest,4,1,4,13,15,-2,13
2024_2025,9,11,Rennes,3,2,4,13,12,1,11
2024_2025,9,12,Nantes,2,4,3,11,12,-1,10
2024_2025,9,13,Auxerre,3,1,5,13,18,-5,10
2024_2025,9,14,Toulouse,2,3,4,10,11,-1,9
2024_2025,9,15,Angers,1,4,4,10,16,-6,7
2024_2025,9,16,Saint Etienne,2,1,6,8,24,-16,7
2024_2025,9,17,Le Havre,2,0,7,7,20,-13,6
2024_2025,9,18,Montpellier,1,1,7,8,29,-21,4
2024_2025,10,1,Paris SG,8,2,0,29,8,21,26
2024_2025,10,2,Olympique Marseille,6,2,2,23,12,11,20
2024_2025,10,3,Monaco,6,2,2,15,7,8,20
2024_2025,10,4,Lille,5,3,2,16,9,7,18
2024_2025,10,5,Nice,4,4,2,19,9,10,16
2024_2025,10,6,Olympique Lyon,4,3,3,17,15,2,15
2024_2025,10,7,Lens,3,5,2,9,7,2,14
2024_2025,10,8,Stade Reims,4,2,4,16,15,1,14
2024_2025,10,9,Strasbourg,3,4,3,19,19,0,13
2024_2025,10,10,Auxerre,4,1,5,17,18,-1,13
2024_2025,10,11,Brest,4,1,5,13,16,-3,13
2024_2025,10,12,Toulouse,3,3,4,11,11,0,12
2024_2025,10,13,Rennes,3,2,5,13,16,-3,11
2024_2025,10,14,Nantes,2,4,4,12,14,-2,10
2024_2025,10,15,Angers,2,4,4,11,16,-5,10
2024_2025,10,16,Saint Etienne,3,1,6,10,24,-14,10
2024_2025,10,17,Le Havre,3,0,7,8,20,-12,9
2024_2025,10,18,Montpellier,1,1,8,8,30,-22,4
2024_2025,11,1,Paris SG,9,2,0,33,10,23,29
2024_2025,11,2,Monaco,7,2,2,18,8,10,23
2024_2025,11,3,Olympique Marseille,6,2,3,24,15,9,20
2024_2025,11,4,Lille,5,4,2,18,11,7,19
2024_2025,11,5,Olympique Lyon,5,3,3,18,15,3,18
2024_2025,11,6,Nice,4,5,2,21,11,10,17
2024_2025,11,7,Stade Reims,5,2,4,19,15,4,17
2024_2025,11,8,Lens,4,5,2,12,9,3,17
2024_2025,11,9,Auxerre,5,1,5,20,19,1,16
2024_2025,11,10,Toulouse,4,3,4,13,11,2,15
2024_2025,11,11,Strasbourg,3,4,4,20,22,-2,13
2024_2025,11,12,Brest,4,1,6,14,19,-5,13
2024_2025,11,13,Rennes,3,2,6,13,18,-5,11
2024_2025,11,14,Nantes,2,4,5,14,17,-3,10
2024_2025,11,15,Angers,2,4,5,13,20,-7,10
2024_2025,11,16,Saint Etienne,3,1,7,10,25,-15,10
2024_2025,11,17,Le Havre,3,0,8,8,23,-15,9
2024_2025,11,18,Montpellier,2,1,8,11,31,-20,7
2024_2025,12,1,Paris SG,10,2,0,36,10,26,32
2024_2025,12,2,Monaco,8,2,2,21,10,11,26
2024_2025,12,3,Olympique Marseille,7,2,3,27,16,11,23
2024_2025,12,4,Lille,6,4,2,19,11,8,22
2024_2025,12,5,Nice,5,5,2,23,12,11,20
2024_2025,12,6,Olympique Lyon,5,4,3,19,16,3,19
2024_2025,12,7,Auxerre,6,1,5,21,19,2,19
2024_2025,12,8,Stade Reims,5,3,4,20,16,4,18
2024_2025,12,9,Lens,4,5,3,13,12,1,17
2024_2025,12,10,Toulouse,4,3,5,13,14,-1,15
2024_2025,12,11,Strasbourg,3,4,5,21,24,-3,13
2024_2025,12,12,Brest,4,1,7,16,22,-6,13
2024_2025,12,13,Saint Etienne,4,1,7,11,25,-14,13
2024_2025,12,14,Le Havre,4,0,8,10,23,-13,12
2024_2025,12,15,Rennes,3,2,7,13,19,-6,11
2024_2025,12,16,Nantes,2,4,6,14,19,-5,10
2024_2025,12,17,Angers,2,4,6,13,21,-8,10
2024_2025,12,18,Montpellier,2,1,9,11,32,-21,7
2024_2025,13,1,Paris SG,10,3,0,37,11,26,33
2024_2025,13,2,Olympique Marseille,8,2,3,29,17,12,26
2024_2025,13,3,Monaco,8,2,3,22,12,10,26
2024_2025,13,4,Lille,6,5,2,21,13,8,23
2024_2025,13,5,Olympique Lyon,6,4,3,23,17,6,22
2024_2025,13,6,Nice,5,5,3,24,16,8,20
2024_2025,13,7,Lens,5,5,3,15,12,3,20
2024_2025,13,8,Auxerre,6,1,6,21,21,0,19
2024_2025,13,9,Stade Reims,5,3,5,20,18,2,18
2024_2025,13,10,Toulouse,5,3,5,15,14,1,18
2024_2025,13,11,Brest,5,1,7,19,23,-4,16
2024_2025,13,12,Rennes,4,2,7,18,19,-1,14
2024_2025,13,13,Strasbourg,3,4,6,22,27,-5,13
2024_2025,13,14,Angers,3,4,6,14,21,-7,13
2024_2025,13,15,Saint Etienne,4,1,8,11,30,-19,13
2024_2025,13,16,Le Havre,4,0,9,10,24,-14,12
2024_2025,13,17,Nantes,2,5,6,15,20,-5,11
2024_2025,13,18,Montpellier,2,2,9,13,34,-21,8
2024_2025,14,1,Paris SG,10,4,0,37,11,26,34
2024_2025,14,2,Olympique Marseille,9,2,3,31,17,14,29
2024_2025,14,3,Monaco,9,2,3,24,12,12,29
2024_2025,14,4,Lille,7,5,2,24,14,10,26
2024_2025,14,5,Olympique Lyon,7,4,3,26,17,9,25
2024_2025,14,6,Nice,6,5,3,26,17,9,23
2024_2025,14,7,Lens,6,5,3,17,12,5,23
2024_2025,14,8,Auxerre,6,2,6,21,21,0,20
2024_2025,14,9,Stade Reims,5,4,5,20,18,2,19
2024_2025,14,10,Toulouse,5,3,6,15,16,-1,18
2024_2025,14,11,Brest,5,1,8,20,26,-6,16
2024_2025,14,12,Rennes,4,2,8,18,20,-2,14
2024_2025,14,13,Nantes,3,5,6,16,20,-4,14
2024_2025,14,14,Strasbourg,3,5,6,22,27,-5,14
2024_2025,14,15,Angers,3,4,7,14,24,-10,13
2024_2025,14,16,Saint Etienne,4,1,9,11,32,-21,13
2024_2025,14,17,Le Havre,4,0,10,11,26,-15,12
2024_2025,14,18,Montpellier,2,2,10,13,36,-23,8
2024_2025,15,1,Paris SG,11,4,0,40,12,28,37
2024_2025,15,2,Olympique Marseille,9,3,3,32,18,14,30
2024_2025,15,3,Monaco,9,3,3,24,12,12,30
2024_2025,15,4,Lille,7,6,2,25,15,10,27
2024_2025,15,5,Olympique Lyon,7,4,4,27,20,7,25
2024_2025,15,6,Nice,6,6,3,28,19,9,24
2024_2025,15,7,Lens,6,6,3,19,14,5,24
2024_2025,15,8,Toulouse,6,3,6,17,17,0,21
2024_2025,15,9,Auxerre,6,3,6,23,23,0,21
2024_2025,15,10,Stade Reims,5,5,5,20,18,2,20
2024_2025,15,11,Brest,6,1,8,24,27,-3,19
2024_2025,15,12,Rennes,5,2,8,20,20,0,17
2024_2025,15,13,Strasbourg,4,5,6,25,27,-2,17
2024_2025,15,14,Nantes,3,5,7,17,24,-7,14
2024_2025,15,15,Angers,3,4,8,14,26,-12,13
2024_2025,15,16,Saint Etienne,4,1,10,12,34,-22,13
2024_2025,15,17,Le Havre,4,0,11,11,29,-18,12
2024_2025,15,18,Montpellier,2,3,10,15,38,-23,9
2024_2025,16,1,Paris SG,12,4,0,44,14,30,40
2024_2025,16,2,Olympique Marseille,10,3,3,37,19,18,33
2024_2025,16,3,Monaco,9,3,4,26,16,10,30
2024_2025,16,4,Lille,7,7,2,26,16,10,28
2024_2025,16,5,Olympique Lyon,8,4,4,28,20,8,28
2024_2025,16,6,Nice,7,6,3,31,21,10,27
2024_2025,16,7,Lens,6,6,4,19,15,4,24
2024_2025,16,8,Toulouse,7,3,6,18,17,1,24
2024_2025,16,9,Auxerre,6,3,7,24,26,-2,21
2024_2025,16,10,Strasbourg,5,5,6,28,28,0,20
2024_2025,16,11,Stade Reims,5,5,6,21,21,0,20
2024_2025,16,12,Brest,6,1,9,24,29,-5,19
2024_2025,16,13,Rennes,5,2,9,22,23,-1,17
2024_2025,16,14,Angers,4,4,8,16,26,-10,16
2024_2025,16,15,Saint Etienne,5,1,10,15,35,-20,16
2024_2025,16,16,Nantes,3,6,7,18,25,-7,15
2024_2025,16,17,Le Havre,4,0,12,12,34,-22,12
2024_2025,16,18,Montpellier,2,3,11,15,39,-24,9
2024_2025,17,1,Paris SG,13,4,0,46,15,31,43
2024_2025,17,2,Olympique Marseille,11,3,3,39,20,19,36
2024_2025,17,3,Monaco,9,4,4,28,18,10,31
2024_2025,17,4,Nice,8,6,3,35,23,12,30
2024_2025,17,5,Lille,7,8,2,26,16,10,29
2024_2025,17,6,Olympique Lyon,8,4,5,29,22,7,28
2024_2025,17,7,Lens,7,6,4,21,16,5,27
2024_2025,17,8,Toulouse,7,3,7,19,19,0,24
2024_2025,17,9,Strasbourg,6,5,6,30,29,1,23
2024_2025,17,10,Auxerre,6,4,7,24,26,-2,22
2024_2025,17,11,Brest,7,1,9,26,30,-4,22
2024_2025,17,12,Stade Reims,5,5,7,23,25,-2,20
2024_2025,17,13,Angers,5,4,8,19,27,-8,19
2024_2025,17,14,Rennes,5,2,10,23,25,-2,17
2024_2025,17,15,Nantes,3,7,7,20,27,-7,16
2024_2025,17,16,Saint Etienne,5,1,11,16,37,-21,16
2024_2025,17,17,Le Havre,4,0,13,13,36,-23,12
2024_2025,17,18,Montpellier,2,3,12,16,42,-26,9
2024_2025,18,1,Paris SG,14,4,0,48,16,32,46
2024_2025,18,2,Olympique Marseille,11,4,3,40,21,19,37
2024_2025,18,3,Lille,8,8,2,28,17,11,32
2024_2025,18,4,Monaco,9,4,5,29,20,9,31
2024_2025,18,5,Nice,8,6,4,36,25,11,30
2024_2025,18,6,Olympique Lyon,8,5,5,29,22,7,29
2024_2025,18,7,Lens,7,6,5,22,18,4,27
2024_2025,18,8,Toulouse,7,4,7,19,19,0,25
2024_2025,18,9,Brest,8,1,9,28,31,-3,25
2024_2025,18,10,Strasbourg,6,6,6,31,30,1,24
2024_2025,18,11,Auxerre,6,4,8,24,28,-4,22
2024_2025,18,12,Angers,6,4,8,21,27,-6,22
2024_2025,18,13,Stade Reims,5,6,7,24,26,-2,21
2024_2025,18,14,Rennes,5,2,11,24,27,-3,17
2024_2025,18,15,Nantes,3,8,7,21,28,-7,17
2024_2025,18,16,Saint Etienne,5,2,11,17,38,-21,17
2024_2025,18,17,Le Havre,4,1,13,14,37,-23,13
2024_2025,18,18,Montpellier,3,3,12,18,43,-25,12
2024_2025,19,1,Paris SG,14,5,0,49,17,32,47
2024_2025,19,2,Olympique Marseille,11,4,4,40,23,17,37
2024_2025,19,3,Monaco,10,4,5,32,22,10,34
2024_2025,19,4,Nice,9,6,4,38,25,13,33
2024_2025,19,5,Lille,8,8,3,29,19,10,32
2024_2025,19,6,Olympique Lyon,8,6,5,30,23,7,30
2024_2025,19,7,Lens,8,6,5,23,18,5,30
2024_2025,19,8,Brest,9,1,9,29,31,-2,28
2024_2025,19,9,Strasbourg,7,6,6,33,31,2,27
2024_2025,19,10,Toulouse,7,4,8,20,21,-1,25
2024_2025,19,11,Auxerre,6,5,8,25,29,-4,23
2024_2025,19,12,Stade Reims,5,7,7,25,27,-2,22
2024_2025,19,13,Angers,6,4,9,21,28,-7,22
2024_2025,19,14,Nantes,3,9,7,22,29,-7,18
2024_2025,19,15,Saint Etienne,5,3,11,18,39,-21,18
2024_2025,19,16,Rennes,5,2,12,26,30,-4,17
2024_2025,19,17,Montpellier,4,3,12,20,44,-24,15
2024_2025,19,18,Le Havre,4,1,14,14,38,-24,13
2024_2025,20,1,Paris SG,15,5,0,54,19,35,50
2024_2025,20,2,Olympique Marseille,12,4,4,43,25,18,40
2024_2025,20,3,Monaco,11,4,5,36,24,12,37
2024_2025,20,4,Lille,9,8,3,33,20,13,35
2024_2025,20,5,Nice,9,7,4,39,26,13,34
2024_2025,20,6,Lens,9,6,5,25,18,7,33
2024_2025,20,7,Olympique Lyon,8,6,6,32,26,6,30
2024_2025,20,8,Brest,9,1,10,31,36,-5,28
2024_2025,20,9,Strasbourg,7,6,7,33,32,1,27
2024_2025,20,10,Toulouse,7,5,8,21,22,-1,26
2024_2025,20,11,Auxerre,6,5,9,27,33,-6,23
2024_2025,20,12,Angers,6,5,9,22,29,-7,23
2024_2025,20,13,Stade Reims,5,7,8,26,29,-3,22
2024_2025,20,14,Nantes,4,9,7,24,30,-6,21
2024_2025,20,15,Rennes,6,2,12,27,30,-3,20
2024_2025,20,16,Saint Etienne,5,3,12,19,43,-24,18
2024_2025,20,17,Montpellier,4,3,13,20,46,-26,15
2024_2025,20,18,Le Havre,4,2,14,15,39,-24,14
2024_2025,21,1,Paris SG,16,5,0,58,20,38,53
2024_2025,21,2,Olympique Marseille,13,4,4,45,25,20,43
2024_2025,21,3,Nice,10,7,4,41,26,15,37
2024_2025,21,4,Monaco,11,4,6,37,28,9,37
2024_2025,21,5,Lille,9,8,4,34,22,12,35
2024_2025,21,6,Olympique Lyon,9,6,6,36,26,10,33
2024_2025,21,7,Lens,9,6,6,25,20,5,33
2024_2025,21,8,Brest,10,1,10,33,36,-3,31
2024_2025,21,9,Strasbourg,8,6,7,35,32,3,30
2024_2025,21,10,Toulouse,7,6,8,23,24,-1,27
2024_2025,21,11,Auxerre,6,6,9,29,35,-6,24
2024_2025,21,12,Rennes,7,2,12,29,30,-1,23
2024_2025,21,13,Angers,6,5,10,22,31,-9,23
2024_2025,21,14,Stade Reims,5,7,9,26,33,-7,22
2024_2025,21,15,Nantes,4,9,8,24,32,-8,21
2024_2025,21,16,Saint Etienne,5,3,13,19,45,-26,18
2024_2025,21,17,Le Havre,5,2,14,17,40,-23,17
2024_2025,21,18,Montpellier,4,3,14,20,48,-28,15
2024_2025,22,1,Paris SG,17,5,0,59,20,39,56
2024_2025,22,2,Olympique Marseille,14,4,4,50,26,24,46
2024_2025,22,3,Nice,11,7,4,44,27,17,40
2024_2025,22,4,Monaco,12,4,6,44,29,15,40
2024_2025,22,5,Lille,10,8,4,36,22,14,38
2024_2025,22,6,Olympique Lyon,10,6,6,40,27,13,36
2024_2025,22,7,Strasbourg,9,6,7,37,32,5,33
2024_2025,22,8,Lens,9,6,7,25,22,3,33
2024_2025,22,9,Brest,10,2,10,35,38,-3,32
2024_2025,22,10,Toulouse,7,6,9,23,25,-2,27
2024_2025,22,11,Angers,7,5,10,23,31,-8,26
2024_2025,22,12,Auxerre,6,7,9,31,37,-6,25
2024_2025,22,13,Rennes,7,2,13,29,32,-3,23
2024_2025,22,14,Stade Reims,5,7,10,26,34,-8,22
2024_2025,22,15,Nantes,4,9,9,25,39,-14,21
2024_2025,22,16,Saint Etienne,5,3,14,20,50,-30,18
2024_2025,22,17,Le Havre,5,2,15,18,43,-25,17
2024_2025,22,18,Montpellier,4,3,15,21,52,-31,15
2024_2025,23,1,Paris SG,18,5,0,62,22,40,59
2024_2025,23,2,Olympique Marseille,14,4,5,50,29,21,46
2024_2025,23,3,Nice,12,7,4,46,27,19,43
2024_2025,23,4,Lille,11,8,4,38,23,15,41
2024_2025,23,5,Monaco,12,4,7,45,31,14,40
2024_2025,23,6,Olympique Lyon,10,6,7,42,30,12,36
2024_2025,23,7,Strasbourg,9,7,7,37,32,5,34
2024_2025,23,8,Lens,9,6,8,26,25,1,33
2024_2025,23,9,Brest,10,3,10,35,38,-3,33
2024_2025,23,10,Toulouse,8,6,9,27,26,1,30
2024_2025,23,11,Auxerre,7,7,9,34,37,-3,28
2024_2025,23,12,Angers,7,6,10,26,34,-8,27
2024_2025,23,13,Rennes,8,2,13,30,32,-2,26
2024_2025,23,14,Nantes,5,9,9,28,40,-12,24
2024_2025,23,15,Stade Reims,5,7,11,26,35,-9,22
2024_2025,23,16,Saint Etienne,5,4,14,23,53,-30,19
2024_2025,23,17,Le Havre,5,2,16,19,47,-28,17
2024_2025,23,18,Montpellier,4,3,16,21,54,-33,15
2024_2025,24,1,Paris SG,19,5,0,66,23,43,62
2024_2025,24,2,Olympique Marseille,15,4,5,52,29,23,49
2024_2025,24,3,Nice,13,7,4,49,28,21,46
2024_2025,24,4,Monaco,13,4,7,48,31,17,43
2024_2025,24,5,Lille,11,8,5,39,27,12,41
2024_2025,24,6,Olympique Lyon,11,6,7,44,31,13,39
2024_2025,24,7,Strasbourg,10,7,7,38,32,6,37
2024_2025,24,8,Toulouse,9,6,9,31,26,5,33
2024_2025,24,9,Lens,9,6,9,29,29,0,33
2024_2025,24,10,Brest,10,3,11,36,40,-4,33
2024_2025,24,11,Rennes,9,2,13,34,32,2,29
2024_2025,24,12,Auxerre,7,7,10,34,38,-4,28
2024_2025,24,13,Angers,7,6,11,26,38,-12,27
2024_2025,24,14,Nantes,5,9,10,28,42,-14,24
2024_2025,24,15,Stade Reims,5,7,12,26,38,-12,22
2024_2025,24,16,Le Havre,6,2,16,23,50,-27,20
2024_2025,24,17,Saint Etienne,5,4,15,24,56,-32,19
2024_2025,24,18,Montpellier,4,3,17,21,58,-37,15
2024_2025,25,1,Paris SG,20,5,0,70,24,46,65
2024_2025,25,2,Olympique Marseille,15,4,6,52,30,22,49
2024_2025,25,3,Nice,13,7,5,49,30,19,46
2024_2025,25,4,Monaco,13,5,7,49,32,17,44
2024_2025,25,5,Lille,12,8,5,40,27,13,44
2024_2025,25,6,Olympique Lyon,12,6,7,46,31,15,42
2024_2025,25,7,Strasbourg,11,7,7,39,32,7,40
2024_2025,25,8,Lens,10,6,9,30,29,1,36
2024_2025,25,9,Brest,11,3,11,38,40,-2,36
2024_2025,25,10,Toulouse,9,7,9,32,27,5,34
2024_2025,25,11,Auxerre,8,7,10,36,38,-2,31
2024_2025,25,12,Rennes,9,2,14,35,36,-1,29
2024_2025,25,13,Angers,7,6,12,26,40,-14,27
2024_2025,25,14,Nantes,5,9,11,28,43,-15,24
2024_2025,25,15,Stade Reims,5,7,13,26,40,-14,22
2024_2025,25,16,Le Havre,6,3,16,24,51,-27,21
2024_2025,25,17,Saint Etienne,5,5,15,25,57,-32,20
2024_2025,25,18,Montpellier,4,3,18,21,59,-38,15
2024_2025,26,1,Paris SG,21,5,0,73,25,48,68
2024_2025,26,2,Olympique Marseille,15,4,7,53,33,20,49
2024_2025,26,3,Nice,13,8,5,50,31,19,47
2024_2025,26,4,Monaco,14,5,7,51,32,19,47
2024_2025,26,5,Olympique Lyon,13,6,7,50,33,17,45
2024_2025,26,6,Lille,12,8,6,40,28,12,44
2024_2025,26,7,Strasbourg,12,7,7,41,33,8,43
2024_2025,26,8,Lens,11,6,9,31,29,2,39
2024_2025,26,9,Brest,11,4,11,38,40,-2,37
2024_2025,26,10,Toulouse,9,7,10,33,29,4,34
2024_2025,26,11,Auxerre,8,8,10,37,39,-2,32
2024_2025,26,12,Rennes,9,2,15,35,37,-2,29
2024_2025,26,13,Nantes,6,9,11,29,43,-14,27
2024_2025,26,14,Angers,7,6,13,26,42,-16,27
2024_2025,26,15,Stade Reims,5,8,13,26,40,-14,23
2024_2025,26,16,Saint Etienne,6,5,15,27,57,-30,23
2024_2025,26,17,Le Havre,6,3,17,26,55,-29,21
2024_2025,26,18,Montpellier,4,3,19,21,61,-40,15
2024_2025,27,1,Paris SG,22,5,0,79,26,53,71
2024_2025,27,2,Monaco,15,5,7,53,33,20,50
2024_2025,27,3,Olympique Marseille,15,4,8,54,36,18,49
2024_2025,27,4,Nice,13,8,6,51,33,18,47
2024_2025,27,5,Lille,13,8,6,41,28,13,47
2024_2025,27,6,Strasbourg,13,7,7,45,35,10,46
2024_2025,27,7,Olympique Lyon,13,6,8,52,37,15,45
2024_2025,27,8,Brest,12,4,11,42,42,0,40
2024_2025,27,9,Lens,11,6,10,31,30,1,39
2024_2025,27,10,Auxerre,9,8,10,38,39,-1,35
2024_2025,27,11,Toulouse,9,7,11,35,33,2,34
2024_2025,27,12,Rennes,10,2,15,38,37,1,32
2024_2025,27,13,Nantes,6,9,12,31,46,-15,27
2024_2025,27,14,Angers,7,6,14,26,45,-19,27
2024_2025,27,15,Stade Reims,6,8,13,29,41,-12,26
2024_2025,27,16,Le Havre,7,3,17,29,57,-28,24
2024_2025,27,17,Saint Etienne,6,5,16,28,63,-35,23
2024_2025,27,18,Montpellier,4,3,20,21,62,-41,15
2024_2025,28,1,Paris SG,23,5,0,80,26,54,74
2024_2025,28,2,Olympique Marseille,16,4,8,57,38,19,52
2024_2025,28,3,Monaco,15,5,8,54,35,19,50
2024_2025,28,4,Strasbourg,14,7,7,46,35,11,49
2024_2025,28,5,Olympique Lyon,14,6,8,54,38,16,48
2024_2025,28,6,Nice,13,8,7,52,35,17,47
2024_2025,28,7,Lille,13,8,7,42,30,12,47
2024_2025,28,8,Brest,13,4,11,44,43,1,43
2024_2025,28,9,Lens,12,6,10,32,30,2,42
2024_2025,28,10,Auxerre,10,8,10,39,39,0,38
2024_2025,28,11,Toulouse,9,7,12,37,36,1,34
2024_2025,28,12,Rennes,10,2,16,38,38,0,32
2024_2025,28,13,Nantes,7,9,12,33,47,-14,30
2024_2025,28,14,Angers,7,6,15,26,46,-20,27
2024_2025,28,15,Le Havre,8,3,17,31,57,-26,27
2024_2025,28,16,Stade Reims,6,8,14,29,42,-13,26
2024_2025,28,17,Saint Etienne,6,5,17,28,64,-36,23
2024_2025,28,18,Montpellier,4,3,21,21,64,-43,15
2024_2025,29,1,Paris SG,23,6,0,81,27,54,75
2024_2025,29,2,Monaco,16,5,8,57,35,22,53
2024_2025,29,3,Olympique Marseille,16,4,9,57,41,16,52
2024_2025,29,4,Olympique Lyon,15,6,8,57,39,18,51
2024_2025,29,5,Lille,14,8,7,44,31,13,50
2024_2025,29,6,Strasbourg,14,8,7,48,37,11,50
2024_2025,29,7,Nice,13,9,7,54,37,17,48
2024_2025,29,8,Brest,13,5,11,47,46,1,44
2024_2025,29,9,Lens,12,6,11,32,32,0,42
2024_2025,29,10,Auxerre,10,8,11,40,42,-2,38
2024_2025,29,11,Rennes,11,2,16,43,39,4,35
2024_2025,29,12,Toulouse,9,7,13,38,38,0,34
2024_2025,29,13,Nantes,7,10,12,34,48,-14,31
2024_2025,29,14,Angers,8,6,15,28,46,-18,30
2024_2025,29,15,Stade Reims,7,8,14,31,42,-11,29
2024_2025,29,16,Le Havre,8,3,18,32,62,-30,27
2024_2025,29,17,Saint Etienne,6,6,17,31,67,-36,24
2024_2025,29,18,Montpellier,4,3,22,21,66,-45,15
2024_2025,30,1,Paris SG,24,6,0,83,28,55,78
2024_2025,30,2,Olympique Marseille,17,4,9,62,42,20,55
2024_2025,30,3,Monaco,16,6,8,57,35,22,54
2024_2025,30,4,Lille,15,8,7,47,32,15,53
2024_2025,30,5,Nice,14,9,7,56,38,18,51
2024_2025,30,6,Olympique Lyon,15,6,9,58,41,17,51
2024_2025,30,7,Strasbourg,14,9,7,48,37,11,51
2024_2025,30,8,Lens,13,6,11,35,33,2,45
2024_2025,30,9,Brest,13,5,12,48,49,-1,44
2024_2025,30,10,Rennes,12,2,16,45,40,5,38
2024_2025,30,11,Auxerre,10,8,12,41,45,-4,38
2024_2025,30,12,Toulouse,9,7,14,38,39,-1,34
2024_2025,30,13,Stade Reims,8,8,14,32,42,-10,32
2024_2025,30,14,Nantes,7,10,13,35,50,-15,31
2024_2025,30,15,Angers,8,6,16,29,48,-19,30
2024_2025,30,16,Le Havre,8,3,19,33,64,-31,27
2024_2025,30,17,Saint Etienne,7,6,17,33,68,-35,27
2024_2025,30,18,Montpellier,4,3,23,22,71,-49,15
2024_2025,31,1,Paris SG,24,6,1,84,31,53,78
2024_2025,31,2,Olympique Marseille,18,4,9,66,43,23,58
2024_2025,31,3,Lille,16,8,7,49,32,17,56
2024_2025,31,4,Monaco,16,7,8,58,36,22,55
2024_2025,31,5,Olympique Lyon,16,6,9,62,42,20,54
2024_2025,31,6,Nice,15,9,7,59,39,20,54
2024_2025,31,7,Strasbourg,15,9,7,51,38,13,54
2024_2025,31,8,Lens,13,6,12,35,37,-2,45
2024_2025,31,9,Brest,13,5,13,49,53,-4,44
2024_2025,31,10,Auxerre,11,8,12,45,45,0,41
2024_2025,31,11,Rennes,12,2,17,46,44,2,38
2024_2025,31,12,Toulouse,9,8,14,38,39,-1,35
2024_2025,31,13,Stade Reims,8,9,14,32,42,-10,33
2024_2025,31,14,Nantes,7,11,13,35,50,-15,32
2024_2025,31,15,Angers,8,6,17,29,50,-21,30
2024_2025,31,16,Le Havre,8,4,19,34,65,-31,28
2024_2025,31,17,Saint Etienne,7,6,18,34,71,-37,27
2024_2025,31,18,Montpellier,4,4,23,22,71,-49,16
2024_2025,32,1,Paris SG,24,6,2,85,33,52,78
2024_2025,32,2,Olympique Marseille,18,5,9,67,44,23,59
2024_2025,32,3,Monaco,17,7,8,61,37,24,58
2024_2025,32,4,Nice,16,9,7,60,39,21,57
2024_2025,32,5,Lille,16,9,7,50,33,17,57
2024_2025,32,6,Strasbourg,16,9,7,53,39,14,57
2024_2025,32,7,Olympique Lyon,16,6,10,63,44,19,54
2024_2025,32,8,Lens,14,6,12,37,38,-1,48
2024_2025,32,9,Brest,14,5,13,50,53,-3,47
2024_2025,32,10,Auxerre,11,8,13,46,47,-1,41
2024_2025,32,11,Rennes,12,2,18,47,46,1,38
2024_2025,32,12,Toulouse,10,8,14,40,40,0,38
2024_2025,32,13,Stade Reims,8,9,15,32,43,-11,33
2024_2025,32,14,Angers,9,6,17,30,50,-20,33
2024_2025,32,15,Nantes,7,11,14,35,51,-16,32
2024_2025,32,16,Le Havre,9,4,19,36,66,-30,31
2024_2025,32,17,Saint Etienne,7,6,19,35,74,-39,27
2024_2025,32,18,Montpellier,4,4,24,22,72,-50,16
2024_2025,33,1,Paris SG,25,6,2,89,34,55,81
2024_2025,33,2,Olympique Marseille,19,5,9,70,45,25,62
2024_2025,33,3,Monaco,18,7,8,63,37,26,61
2024_2025,33,4,Nice,16,9,8,60,41,19,57
2024_2025,33,5,Lille,16,9,8,50,35,15,57
2024_2025,33,6,Strasbourg,16,9,8,54,41,13,57
2024_2025,33,7,Olympique Lyon,16,6,11,63,46,17,54
2024_2025,33,8,Brest,15,5,13,52,53,-1,50
2024_2025,33,9,Lens,14,7,12,38,39,-1,49
2024_2025,33,10,Auxerre,11,9,13,47,48,-1,42
2024_2025,33,11,Rennes,13,2,18,49,46,3,41
2024_2025,33,12,Toulouse,10,9,14,41,41,0,39
2024_2025,33,13,Angers,10,6,17,32,51,-19,36
2024_2025,33,14,Stade Reims,8,9,16,32,45,-13,33
2024_2025,33,15,Nantes,7,12,14,36,52,-16,33
2024_2025,33,16,Le Havre,9,4,20,37,69,-32,31
2024_2025,33,17,Saint Etienne,8,6,19,37,74,-37,30
2024_2025,33,18,Montpellier,4,4,25,23,76,-53,16
2024_2025,34,1,Paris SG,26,6,2,92,35,57,84
2024_2025,34,2,Olympique Marseille,20,5,9,74,47,27,65
2024_2025,34,3,Monaco,18,7,9,63,41,22,61
2024_2025,34,4,Nice,17,9,8,66,41,25,60
2024_2025,34,5,Lille,17,9,8,52,36,16,60
2024_2025,34,6,Olympique Lyon,17,6,11,65,46,19,57
2024_2025,34,7,Strasbourg,16,9,9,56,44,12,57
2024_2025,34,8,Lens,15,7,12,42,39,3,52
2024_2025,34,9,Brest,15,5,14,52,59,-7,50
2024_2025,34,10,Toulouse,11,9,14,44,43,1,42
2024_2025,34,11,Auxerre,11,9,14,48,51,-3,42
2024_2025,34,12,Rennes,13,2,19,51,50,1,41
2024_2025,34,13,Nantes,8,12,14,39,52,-13,36
2024_2025,34,14,Angers,10,6,18,32,53,-21,36
2024_2025,34,15,Le Havre,10,4,20,40,71,-31,34
2024_2025,34,16,Stade Reims,8,9,17,33,47,-14,33
2024_2025,34,17,Saint Etienne,8,6,20,39,77,-38,30
2024_2025,34,18,Montpellier,4,4,26,23,79,-56,16
2025_2026,1,1,Monaco,1,0,0,3,1,2,3
2025_2026,1,2,Paris SG,1,0,0,1,0,1,3
2025_2026,1,2,Olympique Lyon,1,0,0,1,0,1,3
2025_2026,1,2,Strasbourg,1,0,0,1,0,1,3
2025_2026,1,2,Toulouse,1,0,0,1,0,1,3
2025_2026,1,2,Auxerre,1,0,0,1,0,1,3
2025_2026,1,2,Rennes,1,0,0,1,0,1,3
2025_2026,1,2,Angers,1,0,0,1,0,1,3
2025_2026,1,9,Lille,0,1,0,3,3,0,1
2025_2026,1,9,Brest,0,1,0,3,3,0,1
2025_2026,1,11,Olympique Marseille,0,0,1,0,1,-1,0
2025_2026,1,11,Nice,0,0,1,0,1,-1,0
2025_2026,1,11,Lens,0,0,1,0,1,-1,0
2025_2026,1,11,Nantes,0,0,1,0,1,-1,0
2025_2026,1,11,Lorient,0,0,1,0,1,-1,0
2025_2026,1,11,Paris FC,0,0,1,0,1,-1,0
2025_2026,1,11,Metz,0,0,1,0,1,-1,0
2025_2026,1,18,Le Havre,0,0,1,1,3,-2,0
2025_2026,2,1,Olympique Lyon,2,0,0,4,0,4,6
2025_2026,2,2,Toulouse,2,0,0,3,0,3,6
2025_2026,2,3,Paris SG,2,0,0,2,0,2,6
2025_2026,2,3,Strasbourg,2,0,0,2,0,2,6
2025_2026,2,5,Lille,1,1,0,4,3,1,4
2025_2026,2,6,Lorient,1,0,1,4,1,3,3
2025_2026,2,7,Olympique Marseille,1,0,1,5,3,2,3
2025_2026,2,8,Nice,1,0,1,3,2,1,3
2025_2026,2,9,Monaco,1,0,1,3,2,1,3
2025_2026,2,10,Lens,1,0,1,2,2,0,3
2025_2026,2,10,Angers,1,0,1,1,1,0,3
2025_2026,2,12,Auxerre,1,0,1,2,3,-1,3
2025_2026,2,13,Rennes,1,0,1,1,4,-3,3
2025_2026,2,14,Brest,0,1,1,3,5,-2,1
2025_2026,2,15,Nantes,0,0,2,0,2,-2,0
2025_2026,2,16,Le Havre,0,0,2,2,5,-3,0
2025_2026,2,17,Paris FC,0,0,2,2,6,-4,0
2025_2026,2,17,Metz,0,0,2,0,4,-4,0
2025_2026,3,1,Paris SG,3,0,0,8,3,5,9
2025_2026,3,1,Olympique Lyon,3,0,0,5,0,5,9
2025_2026,3,3,Lille,2,1,0,11,4,7,7
2025_2026,3,4,Monaco,2,0,1,6,4,2,6
2025_2026,3,5,Lens,2,0,1,5,3,2,6
2025_2026,3,6,Strasbourg,2,0,1,4,3,1,6
2025_2026,3,7,Toulouse,2,0,1,6,6,0,6
2025_2026,3,8,Angers,1,1,1,2,2,0,4
2025_2026,3,9,Rennes,1,1,1,2,5,-3,4
2025_2026,3,10,Olympique Marseille,1,0,2,5,4,1,3
2025_2026,3,11,Le Havre,1,0,2,5,6,-1,3
2025_2026,3,12,Nantes,1,0,2,1,2,-1,3
2025_2026,3,13,Nice,1,0,2,4,5,-1,3
2025_2026,3,14,Auxerre,1,0,2,2,4,-2,3
2025_2026,3,15,Lorient,1,0,2,5,8,-3,3
2025_2026,3,16,Paris FC,1,0,2,5,8,-3,3
2025_2026,3,17,Brest,0,1,2,4,8,-4,1
2025_2026,3,18,Metz,0,0,3,2,7,-5,0
2025_2026,4,1,Paris SG,4,0,0,10,3,7,12
2025_2026,4,2,Lille,3,1,0,13,5,8,10
2025_2026,4,3,Monaco,3,0,1,8,5,3,9
2025_2026,4,4,Olympique Lyon,3,0,1,6,3,3,9
2025_2026,4,5,Strasbourg,3,0,1,5,3,2,9
2025_2026,4,6,Rennes,2,1,1,5,6,-1,7
2025_2026,4,7,Olympique Marseille,2,0,2,9,4,5,6
2025_2026,4,8,Lens,2,0,2,5,5,0,6
2025_2026,4,9,Nice,2,0,2,5,5,0,6
2025_2026,4,10,Toulouse,2,0,2,7,8,-1,6
2025_2026,4,11,Paris FC,2,0,2,7,9,-2,6
2025_2026,4,12,Angers,1,2,1,3,3,0,5
2025_2026,4,13,Nantes,1,0,3,1,3,-2,3
2025_2026,4,14,Le Havre,1,0,3,5,7,-2,3
2025_2026,4,15,Auxerre,1,0,3,3,6,-3,3
2025_2026,4,16,Lorient,1,0,3,5,12,-7,3
2025_2026,4,17,Brest,0,1,3,5,10,-5,1
2025_2026,4,17,Metz,0,1,3,3,8,-5,1
2025_2026,5,1,Monaco,4,0,1,13,7,6,12
2025_2026,5,2,Paris SG,4,0,1,10,4,6,12
2025_2026,5,3,Olympique Lyon,4,0,1,7,3,4,12
2025_2026,5,4,Strasbourg,4,0,1,8,5,3,12
2025_2026,5,5,Lille,3,1,1,13,8,5,10
2025_2026,5,6,Olympique Marseille,3,0,2,10,4,6,9
2025_2026,5,7,Lens,3,0,2,8,5,3,9
2025_2026,5,8,Rennes,2,2,1,7,8,-1,8
2025_2026,5,9,Toulouse,2,0,3,7,9,-2,6
2025_2026,5,10,Auxerre,2,0,3,4,6,-2,6
2025_2026,5,11,Nice,2,0,3,6,9,-3,6
2025_2026,5,12,Paris FC,2,0,3,9,12,-3,6
2025_2026,5,13,Angers,1,2,2,3,4,-1,5
2025_2026,5,14,Le Havre,1,1,3,6,8,-2,4
2025_2026,5,15,Brest,1,1,3,9,11,-2,4
2025_2026,5,15,Nantes,1,1,3,3,5,-2,4
2025_2026,5,17,Lorient,1,1,3,6,13,-7,4
2025_2026,5,18,Metz,0,1,4,5,13,-8,1
2025_2026,6,1,Paris SG,5,0,1,12,4,8,15
2025_2026,6,2,Olympique Lyon,5,0,1,8,3,5,15
2025_2026,6,3,Olympique Marseille,4,0,2,12,5,7,12
2025_2026,6,4,Monaco,4,0,2,14,10,4,12
2025_2026,6,5,Strasbourg,4,0,2,9,7,2,12
2025_2026,6,6,Lille,3,1,2,13,9,4,10
2025_2026,6,7,Lens,3,1,2,8,5,3,10
2025_2026,6,8,Rennes,2,3,1,7,8,-1,9
2025_2026,6,9,Brest,2,1,3,11,11,0,7
2025_2026,6,10,Toulouse,2,1,3,9,11,-2,7
2025_2026,6,11,Paris FC,2,1,3,10,13,-3,7
2025_2026,6,12,Nice,2,1,3,7,10,-3,7
2025_2026,6,13,Lorient,2,1,3,9,14,-5,7
2025_2026,6,14,Auxerre,2,0,4,4,8,-4,6
2025_2026,6,15,Nantes,1,2,3,5,7,-2,5
2025_2026,6,15,Le Havre,1,2,3,6,8,-2,5
2025_2026,6,17,Angers,1,2,3,3,6,-3,5
2025_2026,6,18,Metz,0,2,4,5,13,-8,2
2025_2026,7,1,Paris SG,5,1,1,13,5,8,16
2025_2026,7,2,Olympique Marseille,5,0,2,15,5,10,15
2025_2026,7,3,Strasbourg,5,0,2,14,7,7,15
2025_2026,7,4,Olympique Lyon,5,0,2,9,5,4,15
2025_2026,7,5,Monaco,4,1,2,16,12,4,13
2025_2026,7,5,Lens,4,1,2,10,6,4,13
2025_2026,7,7,Lille,3,2,2,14,10,4,11
2025_2026,7,8,Toulouse,3,1,3,11,12,-1,10
2025_2026,7,8,Rennes,2,4,1,9,10,-1,10
2025_2026,7,8,Paris FC,3,1,3,12,13,-1,10
2025_2026,7,11,Brest,2,2,3,11,11,0,8
2025_2026,7,12,Nice,2,2,3,9,12,-3,8
2025_2026,7,13,Lorient,2,1,4,9,16,-7,7
2025_2026,7,14,Nantes,1,3,3,5,7,-2,6
2025_2026,7,15,Le Havre,1,3,3,8,10,-2,6
2025_2026,7,16,Auxerre,2,0,5,5,10,-5,6
2025_2026,7,17,Angers,1,2,4,3,11,-8,5
2025_2026,7,18,Metz,0,2,5,5,16,-11,2
2025_2026,8,1,Olympique Marseille,6,0,2,21,7,14,18
2025_2026,8,2,Paris SG,5,2,1,16,8,8,17
2025_2026,8,3,Strasbourg,5,1,2,17,10,7,16
2025_2026,8,4,Lens,5,1,2,12,7,5,16
2025_2026,8,5,Olympique Lyon,5,0,3,11,8,3,15
2025_2026,8,6,Lille,4,2,2,16,10,6,14
2025_2026,8,7,Monaco,4,2,2,17,13,4,14
2025_2026,8,8,Toulouse,4,1,3,15,12,3,13
2025_2026,8,9,Rennes,2,5,1,11,12,-1,11
2025_2026,8,10,Nice,3,2,3,12,14,-2,11
2025_2026,8,11,Paris FC,3,1,4,13,15,-2,10
2025_2026,8,12,Brest,2,3,3,14,14,0,9
2025_2026,8,13,Lorient,2,2,4,12,19,-7,8
2025_2026,8,14,Auxerre,2,1,5,7,12,-5,7
2025_2026,8,15,Nantes,1,3,4,5,9,-4,6
2025_2026,8,16,Le Havre,1,3,4,10,16,-6,6
2025_2026,8,17,Angers,1,3,4,4,12,-8,6
2025_2026,8,18,Metz,0,2,6,5,20,-15,2
2025_2026,9,1,Paris SG,6,2,1,19,8,11,20
2025_2026,9,2,Lens,6,1,2,14,8,6,19
2025_2026,9,3,Olympique Marseille,6,0,3,22,9,13,18
2025_2026,9,4,Olympique Lyon,6,0,3,13,9,4,18
2025_2026,9,5,Lille,5,2,2,22,11,11,17
2025_2026,9,6,Monaco,5,2,2,18,13,5,17
2025_2026,9,7,Strasbourg,5,1,3,18,12,6,16
2025_2026,9,8,Nice,4,2,3,14,15,-1,14
2025_2026,9,9,Toulouse,4,1,4,15,13,2,13
2025_2026,9,10,Rennes,2,5,2,12,14,-2,11
2025_2026,9,11,Paris FC,3,1,5,14,17,-3,10
2025_2026,9,12,Brest,2,3,4,14,17,-3,9
2025_2026,9,13,Nantes,2,3,4,7,10,-3,9
2025_2026,9,14,Le Havre,2,3,4,11,16,-5,9
2025_2026,9,15,Angers,2,3,4,6,12,-6,9
2025_2026,9,16,Lorient,2,2,5,12,21,-9,8
2025_2026,9,17,Auxerre,2,1,6,7,13,-6,7
2025_2026,9,18,Metz,0,2,7,6,26,-20,2
2025_2026,10,1,Paris SG,6,3,1,20,9,11,21
2025_2026,10,2,Monaco,6,2,2,23,16,7,20
2025_2026,10,3,Olympique Marseille,6,1,3,24,11,13,19
2025_2026,10,4,Strasbourg,6,1,3,21,12,9,19
2025_2026,10,5,Olympique Lyon,6,1,3,16,12,4,19
2025_2026,10,6,Lens,6,1,3,14,10,4,19
2025_2026,10,7,Lille,5,2,3,22,13,9,17
2025_2026,10,8,Nice,5,2,3,16,15,1,17
2025_2026,10,9,Toulouse,4,2,4,17,15,2,14
2025_2026,10,10,Rennes,2,6,2,14,16,-2,12
2025_2026,10,11,Le Havre,3,3,4,12,16,-4,12
2025_2026,10,12,Paris FC,3,2,5,17,20,-3,11
2025_2026,10,13,Angers,2,4,4,8,14,-6,10
2025_2026,10,14,Brest,2,3,5,14,18,-4,9
2025_2026,10,15,Nantes,2,3,5,10,15,-5,9
2025_2026,10,16,Lorient,2,3,5,13,22,-9,9
2025_2026,10,17,Auxerre,2,1,7,7,16,-9,7
2025_2026,10,18,Metz,1,2,7,8,26,-18,5
2025_2026,11,1,Paris SG,7,3,1,21,9,12,24
2025_2026,11,2,Olympique Marseille,7,1,3,25,11,14,22
2025_2026,11,3,Lens,7,1,3,17,10,7,22
2025_2026,11,4,Lille,6,2,3,23,13,10,20
2025_2026,11,5,Monaco,6,2,3,23,17,6,20
2025_2026,11,6,Olympique Lyon,6,2,3,16,12,4,20
2025_2026,11,7,Strasbourg,6,1,4,22,16,6,19
2025_2026,11,8,Nice,5,2,4,16,16,0,17
2025_2026,11,9,Toulouse,4,3,4,17,15,2,15
2025_2026,11,10,Rennes,3,6,2,18,17,1,15
2025_2026,11,11,Paris FC,4,2,5,18,20,-2,14
2025_2026,11,12,Le Havre,3,4,4,12,16,-4,13
2025_2026,11,13,Brest,2,4,5,14,18,-4,10
2025_2026,11,14,Angers,2,4,5,8,15,-7,10
2025_2026,11,15,Nantes,2,3,6,10,17,-7,9
2025_2026,11,16,Lorient,2,3,6,13,25,-12,9
2025_2026,11,17,Metz,2,2,7,10,26,-16,8
2025_2026,11,18,Auxerre,2,1,8,7,17,-10,7
2025_2026,12,1,Paris SG,8,3,1,24,11,13,27
2025_2026,12,2,Olympique Marseille,8,1,3,28,11,17,25
2025_2026,12,3,Lens,8,1,3,21,11,10,25
2025_2026,12,4,Strasbourg,7,1,4,24,16,8,22
2025_2026,12,5,Lille,6,2,4,23,15,8,20
2025_2026,12,6,Olympique Lyon,6,2,4,18,15,3,20
2025_2026,12,7,Monaco,6,2,4,24,21,3,20
2025_2026,12,8,Rennes,4,6,2,19,17,2,18
2025_2026,12,9,Nice,5,2,5,17,18,-1,17
2025_2026,12,10,Toulouse,4,4,4,18,16,2,16
2025_2026,12,11,Paris FC,4,2,6,18,21,-3,14
2025_2026,12,12,Le Havre,3,5,4,13,17,-4,14
2025_2026,12,13,Angers,3,4,5,10,15,-5,13
2025_2026,12,14,Metz,3,2,7,12,27,-15,11
2025_2026,12,15,Brest,2,4,6,14,21,-7,10
2025_2026,12,16,Nantes,2,4,6,11,18,-7,10
2025_2026,12,17,Lorient,2,4,6,14,26,-12,10
2025_2026,12,18,Auxerre,2,1,9,7,19,-12,7
2025_2026,13,1,Paris SG,9,3,1,27,11,16,30
2025_2026,13,2,Olympique Marseille,9,1,3,33,12,21,28
2025_2026,13,3,Lens,9,1,3,22,11,11,28
2025_2026,13,4,Lille,7,2,4,27,17,10,23
2025_2026,13,5,Strasbourg,7,1,5,24,17,7,22
2025_2026,13,6,Rennes,5,6,2,23,18,5,21
2025_2026,13,7,Olympique Lyon,6,3,4,18,15,3,21
2025_2026,13,8,Monaco,6,2,5,25,25,0,20
2025_2026,13,9,Nice,5,2,6,18,23,-5,17
2025_2026,13,10,Toulouse,4,4,5,18,17,1,16
2025_2026,13,11,Angers,4,4,5,11,15,-4,16
2025_2026,13,12,Paris FC,4,2,7,20,25,-5,14
2025_2026,13,13,Le Havre,3,5,5,13,20,-7,14
2025_2026,13,14,Brest,3,4,6,17,23,-6,13
2025_2026,13,15,Nantes,2,5,6,12,19,-7,11
2025_2026,13,16,Lorient,2,5,6,15,27,-12,11
2025_2026,13,17,Metz,3,2,8,14,30,-16,11
2025_2026,13,18,Auxerre,2,2,9,7,19,-12,8
2025_2026,14,1,Lens,10,1,3,24,12,12,31
2025_2026,14,2,Paris SG,9,3,2,27,12,15,30
2025_2026,14,3,Olympique Marseille,9,2,3,35,14,21,29
2025_2026,14,4,Lille,8,2,4,28,17,11,26
2025_2026,14,5,Rennes,6,6,2,24,18,6,24
2025_2026,14,6,Olympique Lyon,7,3,4,21,15,6,24
2025_2026,14,7,Monaco,7,2,5,26,25,1,23
2025_2026,14,8,Strasbourg,7,1,6,25,19,6,22
2025_2026,14,9,Toulouse,4,5,5,20,19,1,17
2025_2026,14,10,Nice,5,2,7,19,26,-7,17
2025_2026,14,11,Brest,4,4,6,19,24,-5,16
2025_2026,14,12,Angers,4,4,6,12,17,-5,16
2025_2026,14,13,Paris FC,4,3,7,21,26,-5,15
2025_2026,14,14,Le Havre,3,5,6,13,21,-8,14
2025_2026,14,15,Lorient,3,5,6,18,28,-10,14
2025_2026,14,16,Nantes,2,5,7,12,22,-10,11
2025_2026,14,17,Metz,3,2,9,14,31,-17,11
2025_2026,14,18,Auxerre,2,3,9,8,20,-12,9
2025_2026,15,1,Lens,11,1,3,26,13,13,34
2025_2026,15,2,Paris SG,10,3,2,32,12,20,33
2025_2026,15,3,Olympique Marseille,9,2,4,35,15,20,29
2025_2026,15,4,Lille,9,2,4,29,17,12,29
2025_2026,15,5,Olympique Lyon,7,3,5,21,16,5,24
2025_2026,15,6,Rennes,6,6,3,24,23,1,24
2025_2026,15,7,Monaco,7,2,6,26,26,0,23
2025_2026,15,8,Strasbourg,7,1,7,25,20,5,22
2025_2026,15,9,Toulouse,5,5,5,21,19,2,20
2025_2026,15,10,Brest,5,4,6,20,24,-4,19
2025_2026,15,11,Angers,5,4,6,13,17,-4,19
2025_2026,15,12,Nice,5,2,8,19,27,-8,17
2025_2026,15,13,Lorient,4,5,6,19,28,-9,17
2025_2026,15,14,Paris FC,4,4,7,21,26,-5,16
2025_2026,15,15,Le Havre,3,6,6,13,21,-8,15
2025_2026,15,16,Auxerre,3,3,9,11,21,-10,12
2025_2026,15,17,Nantes,2,5,8,13,24,-11,11
2025_2026,15,18,Metz,3,2,10,15,34,-19,11
2025_2026,16,1,Lens,12,1,3,28,13,15,37
2025_2026,16,2,Paris SG,11,3,2,35,14,21,36
2025_2026,16,3,Olympique Marseille,10,2,4,36,15,21,32
2025_2026,16,4,Lille,10,2,4,33,20,13,32
2025_2026,16,5,Olympique Lyon,8,3,5,22,16,6,27
2025_2026,16,6,Rennes,7,6,3,27,24,3,27
2025_2026,16,7,Toulouse,6,5,5,24,19,5,23
2025_2026,16,8,Strasbourg,7,2,7,25,20,5,23
2025_2026,16,9,Monaco,7,2,7,26,27,-1,23
2025_2026,16,10,Angers,6,4,6,17,18,-1,22
2025_2026,16,11,Brest,5,4,7,21,27,-6,19
2025_2026,16,12,Lorient,4,6,6,19,28,-9,18
2025_2026,16,13,Nice,5,2,9,19,29,-10,17
2025_2026,16,14,Paris FC,4,4,8,21,29,-8,16
2025_2026,16,15,Le Havre,3,6,7,13,22,-9,15
2025_2026,16,16,Auxerre,3,3,10,14,25,-11,12
2025_2026,16,17,Nantes,2,5,9,14,28,-14,11
2025_2026,16,18,Metz,3,2,11,17,37,-20,11
2025_2026,17,1,Lens,13,1,3,31,13,18,40
2025_2026,17,2,Paris SG,12,3,2,37,15,22,39
2025_2026,17,3,Olympique Marseille,10,2,5,36,17,19,32
2025_2026,17,4,Lille,10,2,5,33,22,11,32
2025_2026,17,5,Olympique Lyon,9,3,5,25,17,8,30
2025_2026,17,6,Rennes,8,6,3,29,24,5,30
2025_2026,17,7,Strasbourg,7,3,7,26,21,5,24
2025_2026,17,8,Toulouse,6,5,6,24,22,2,23
2025_2026,17,9,Monaco,7,2,8,27,30,-3,23
2025_2026,17,10,Angers,6,4,7,18,20,-2,22
2025_2026,17,11,Brest,6,4,7,23,27,-4,22
2025_2026,17,12,Lorient,4,7,6,20,29,-9,19
2025_2026,17,13,Le Havre,4,6,7,15,23,-8,18
2025_2026,17,14,Nice,5,3,9,20,30,-10,18
2025_2026,17,15,Paris FC,4,4,9,22,31,-9,16
2025_2026,17,16,Nantes,3,5,9,16,28,-12,14
2025_2026,17,17,Auxerre,3,3,11,14,27,-13,12
2025_2026,17,18,Metz,3,3,11,18,38,-20,12
2025_2026,18,1,Lens,14,1,3,32,13,19,43
2025_2026,18,2,Paris SG,13,3,2,40,15,25,42
2025_2026,18,3,Olympique Marseille,11,2,5,41,19,22,35
2025_2026,18,4,Olympique Lyon,10,3,5,27,18,9,33
2025_2026,18,5,Lille,10,2,6,33,25,8,32
2025_2026,18,6,Rennes,8,7,3,30,25,5,31
2025_2026,18,7,Strasbourg,8,3,7,28,22,6,27
2025_2026,18,8,Toulouse,7,5,6,29,23,6,26
2025_2026,18,9,Monaco,7,2,9,28,33,-5,23
2025_2026,18,10,Brest,6,4,8,24,29,-5,22
2025_2026,18,11,Angers,6,4,8,20,25,-5,22
2025_2026,18,12,Lorient,5,7,6,23,30,-7,22
2025_2026,18,13,Le Havre,4,7,7,16,24,-8,19
2025_2026,18,13,Paris FC,5,4,9,24,32,-8,19
2025_2026,18,15,Nice,5,3,10,21,35,-14,18
2025_2026,18,16,Nantes,3,5,10,17,30,-13,14
2025_2026,18,17,Auxerre,3,3,12,14,28,-14,12
2025_2026,18,18,Metz,3,3,12,19,40,-21,12
2025_2026,19,1,Paris SG,14,3,2,41,15,26,45
2025_2026,19,2,Lens,14,1,4,33,16,17,43
2025_2026,19,3,Olympique Marseille,12,2,5,44,20,24,38
2025_2026,19,4,Olympique Lyon,11,3,5,32,20,12,36
2025_2026,19,5,Lille,10,2,7,34,29,5,32
2025_2026,19,6,Rennes,8,7,4,30,27,3,31
2025_2026,19,7,Strasbourg,9,3,7,32,23,9,30
2025_2026,19,8,Toulouse,8,5,6,31,23,8,29
2025_2026,19,9,Lorient,6,7,6,25,30,-5,25
2025_2026,19,10,Monaco,7,3,9,28,33,-5,24
2025_2026,19,11,Angers,6,5,8,20,25,-5,23
2025_2026,19,12,Brest,6,4,9,24,31,-7,22
2025_2026,19,13,Nice,6,3,10,25,36,-11,21
2025_2026,19,14,Le Havre,4,8,7,16,24,-8,20
2025_2026,19,14,Paris FC,5,5,9,24,32,-8,20
2025_2026,19,16,Nantes,3,5,11,18,34,-16,14
2025_2026,19,17,Auxerre,3,3,13,14,29,-15,12
2025_2026,19,18,Metz,3,3,13,21,45,-24,12
2025_2026,20,1,Paris SG,15,3,2,43,16,27,48
2025_2026,20,2,Lens,15,1,4,34,16,18,46
2025_2026,20,3,Olympique Marseille,12,3,5,46,22,24,39
2025_2026,20,4,Olympique Lyon,12,3,5,33,20,13,39
2025_2026,20,5,Lille,10,2,8,34,30,4,32
2025_2026,20,6,Rennes,8,7,5,30,31,-1,31
2025_2026,20,7,Toulouse,8,6,6,31,23,8,30
2025_2026,20,8,Strasbourg,9,3,8,33,25,8,30
2025_2026,20,9,Lorient,7,7,6,27,31,-4,28
2025_2026,20,10,Monaco,8,3,9,32,33,-1,27
2025_2026,20,11,Angers,7,5,8,21,25,-4,26
2025_2026,20,12,Brest,6,5,9,26,33,-7,23
2025_2026,20,13,Nice,6,4,10,27,38,-11,22
2025_2026,20,14,Paris FC,5,6,9,26,34,-8,21
2025_2026,20,15,Le Havre,4,8,8,16,25,-9,20
2025_2026,20,16,Nantes,3,5,12,19,36,-17,14
2025_2026,20,17,Auxerre,3,4,13,14,29,-15,13
2025_2026,20,18,Metz,3,3,14,21,46,-25,12
2025_2026,21,1,Paris SG,16,3,2,48,16,32,51
2025_2026,21,2,Lens,16,1,4,37,17,20,49
2025_2026,21,3,Olympique Lyon,13,3,5,34,20,14,42
2025_2026,21,4,Olympique Marseille,12,3,6,46,27,19,39
2025_2026,21,5,Lille,10,3,8,34,30,4,33
2025_2026,21,6,Rennes,8,7,6,31,34,-3,31
2025_2026,21,7,Toulouse,8,6,7,31,24,7,30
2025_2026,21,8,Strasbourg,9,3,9,34,27,7,30
2025_2026,21,9,Angers,8,5,8,22,25,-3,29
2025_2026,21,10,Monaco,8,4,9,32,33,-1,28
2025_2026,21,11,Lorient,7,7,7,27,33,-6,28
2025_2026,21,12,Brest,7,5,9,28,33,-5,26
2025_2026,21,13,Le Havre,5,8,8,18,26,-8,23
2025_2026,21,14,Nice,6,5,10,27,38,-11,23
2025_2026,21,15,Paris FC,5,7,9,26,34,-8,22
2025_2026,21,16,Auxerre,3,5,13,14,29,-15,14
2025_2026,21,17,Nantes,3,5,13,19,37,-18,14
2025_2026,21,18,Metz,3,4,14,21,46,-25,13
2025_2026,22,1,Lens,17,1,4,42,17,25,52
2025_2026,22,2,Paris SG,16,3,3,49,19,30,51
2025_2026,22,3,Olympique Lyon,14,3,5,36,20,16,45
2025_2026,22,4,Olympique Marseille,12,4,6,48,29,19,40
2025_2026,22,5,Lille,10,4,8,35,31,4,34
2025_2026,22,6,Rennes,9,7,6,34,35,-1,34
2025_2026,22,7,Strasbourg,9,4,9,36,29,7,31
2025_2026,22,8,Monaco,9,4,9,35,34,1,31
2025_2026,22,9,Lorient,8,7,7,29,33,-4,31
2025_2026,22,10,Toulouse,8,6,8,32,26,6,30
2025_2026,22,11,Angers,8,5,9,22,27,-5,29
2025_2026,22,12,Brest,7,6,9,29,34,-5,27
2025_2026,22,13,Le Havre,6,8,8,20,27,-7,26
2025_2026,22,14,Nice,6,5,11,27,40,-13,23
2025_2026,22,15,Paris FC,5,7,10,26,39,-13,22
2025_2026,22,16,Auxerre,4,5,13,17,30,-13,17
2025_2026,22,17,Nantes,3,5,14,20,40,-20,14
2025_2026,22,18,Metz,3,4,15,22,49,-27,13
2025_2026,23,1,Paris SG,17,3,3,52,19,33,54
2025_2026,23,2,Lens,17,1,5,44,20,24,52
2025_2026,23,3,Olympique Lyon,14,3,6,37,23,14,45
2025_2026,23,4,Olympique Marseille,12,4,7,48,31,17,40
2025_2026,23,5,Lille,11,4,8,36,31,5,37
2025_2026,23,6,Rennes,10,7,6,37,35,2,37
2025_2026,23,7,Strasbourg,10,4,9,39,30,9,34
2025_2026,23,8,Monaco,10,4,9,38,36,2,34
2025_2026,23,9,Lorient,8,8,7,32,36,-4,32
2025_2026,23,10,Toulouse,8,7,8,33,27,6,31
2025_2026,23,11,Brest,8,6,9,31,34,-3,30
2025_2026,23,12,Angers,8,5,10,22,28,-6,29
2025_2026,23,13,Le Havre,6,8,9,20,29,-9,26
2025_2026,23,14,Nice,6,6,11,30,43,-13,24
2025_2026,23,15,Paris FC,5,8,10,27,40,-13,23
2025_2026,23,16,Auxerre,4,5,14,17,33,-16,17
2025_2026,23,17,Nantes,4,5,14,22,40,-18,17
2025_2026,23,18,Metz,3,4,16,22,52,-30,13
2025_2026,24,1,Paris SG,18,3,3,53,19,34,57
2025_2026,24,2,Lens,17,2,5,45,21,24,53
2025_2026,24,3,Olympique Lyon,14,3,7,39,26,13,45
2025_2026,24,4,Olympique Marseille,13,4,7,51,33,18,43
2025_2026,24,5,Lille,12,4,8,37,31,6,40
2025_2026,24,6,Rennes,11,7,6,38,35,3,40
2025_2026,24,7,Monaco,11,4,9,40,36,4,37
2025_2026,24,8,Strasbourg,10,5,9,40,31,9,35
2025_2026,24,9,Brest,9,6,9,32,34,-2,33
2025_2026,24,10,Lorient,8,9,7,34,38,-4,33
2025_2026,24,11,Toulouse,8,7,9,33,28,5,31
2025_2026,24,12,Angers,8,5,11,22,30,-8,29
2025_2026,24,13,Le Havre,6,8,10,20,30,-10,26
2025_2026,24,14,Paris FC,6,8,10,28,40,-12,26
2025_2026,24,15,Nice,6,6,12,30,44,-14,24
2025_2026,24,16,Auxerre,4,6,14,19,35,-16,18
2025_2026,24,17,Nantes,4,5,15,22,41,-19,17
2025_2026,24,18,Metz,3,4,17,22,53,-31,13
2025_2026,25,1,Paris SG,18,3,4,54,22,32,57
2025_2026,25,2,Lens,18,2,5,48,21,27,56
2025_2026,25,3,Olympique Marseille,14,4,7,52,33,19,46
2025_2026,25,4,Olympique Lyon,14,4,7,40,27,13,46
2025_2026,25,5,Rennes,12,7,6,42,35,7,43
2025_2026,25,6,Lille,12,5,8,38,32,6,41
2025_2026,25,7,Monaco,12,4,9,43,37,6,40
2025_2026,25,8,Strasbourg,10,6,9,40,31,9,36
2025_2026,25,9,Brest,10,6,9,34,34,0,36
2025_2026,25,10,Lorient,8,10,7,35,39,-4,34
2025_2026,25,11,Angers,9,5,11,23,30,-7,32
2025_2026,25,12,Toulouse,8,7,10,33,29,4,31
2025_2026,25,13,Paris FC,6,9,10,29,41,-12,27
2025_2026,25,14,Le Havre,6,8,11,20,32,-12,26
2025_2026,25,15,Nice,6,6,13,30,48,-18,24
2025_2026,25,16,Auxerre,4,7,14,19,35,-16,19
2025_2026,25,17,Nantes,4,5,16,22,42,-20,17
2025_2026,25,18,Metz,3,4,18,22,56,-34,13
2025_2026,26,1,Paris SG,19,3,4,57,22,35,60
2025_2026,26,2,Lens,18,2,6,49,23,26,56
2025_2026,26,3,Olympique Marseille,15,4,7,53,33,20,49
2025_2026,26,4,Olympique Lyon,14,5,7,40,27,13,47
2025_2026,26,5,Lille,13,5,8,40,33,7,44
2025_2026,26,6,Monaco,13,4,9,45,37,8,43
2025_2026,26,7,Rennes,12,7,7,43,37,6,43
2025_2026,26,8,Strasbourg,10,7,9,40,31,9,37
2025_2026,26,9,Lorient,9,10,7,37,40,-3,37
2025_2026,26,10,Brest,10,6,10,34,36,-2,36
2025_2026,26,11,Toulouse,9,7,10,37,32,5,34
2025_2026,26,12,Angers,9,5,12,23,32,-9,32
2025_2026,26,13,Paris FC,6,10,10,29,41,-12,28
2025_2026,26,14,Le Havre,6,9,11,20,32,-12,27
2025_2026,26,15,Nice,7,6,13,32,48,-16,27
2025_2026,26,16,Auxerre,4,7,15,19,36,-17,19
2025_2026,26,17,Nantes,4,5,17,22,45,-23,17
2025_2026,26,18,Metz,3,4,19,25,60,-35,13
2025_2026,27,1,Paris SG,20,3,4,61,22,39,63
2025_2026,27,2,Lens,19,2,6,54,24,30,59
2025_2026,27,3,Olympique Marseille,15,4,8,54,35,19,49
2025_2026,27,4,Olympique Lyon,14,5,8,41,29,12,47
2025_2026,27,5,Lille,14,5,8,42,34,8,47
2025_2026,27,6,Monaco,14,4,9,47,38,9,46
2025_2026,27,7,Rennes,12,8,7,43,37,6,44
2025_2026,27,8,Strasbourg,11,7,9,43,33,10,40
2025_2026,27,9,Toulouse,10,7,10,38,32,6,37
2025_2026,27,10,Lorient,9,10,8,37,41,-4,37
2025_2026,27,11,Brest,10,6,11,34,39,-5,36
2025_2026,27,12,Angers,9,5,13,24,37,-13,32
2025_2026,27,13,Paris FC,7,10,10,32,43,-11,31
2025_2026,27,14,Le Havre,6,9,12,22,35,-13,27
2025_2026,27,15,Nice,7,6,14,32,52,-20,27
2025_2026,27,16,Auxerre,5,7,15,22,36,-14,22
2025_2026,27,17,Nantes,4,5,18,24,48,-24,17
2025_2026,27,18,Metz,3,5,19,25,60,-35,14
2025_2026,28,1,Paris SG,21,3,4,64,23,41,66
2025_2026,28,2,Lens,19,2,7,54,27,27,59
2025_2026,28,3,Lille,15,5,8,45,34,11,50
2025_2026,28,4,Olympique Marseille,15,4,9,55,37,18,49
2025_2026,28,5,Monaco,15,4,9,49,39,10,49
2025_2026,28,6,Olympique Lyon,14,6,8,41,29,12,48
2025_2026,28,7,Rennes,13,8,7,47,40,7,47
2025_2026,28,8,Strasbourg,12,7,9,46,34,12,43
2025_2026,28,9,Lorient,9,11,8,38,42,-4,38
2025_2026,28,10,Toulouse,10,7,11,39,35,4,37
2025_2026,28,11,Brest,10,6,12,37,43,-6,36
2025_2026,28,12,Angers,9,6,13,24,37,-13,33
2025_2026,28,13,Paris FC,7,11,10,33,44,-11,32
2025_2026,28,14,Le Havre,6,10,12,23,36,-13,28
2025_2026,28,15,Nice,7,6,15,33,55,-22,27
2025_2026,28,16,Auxerre,5,8,15,23,37,-14,23
2025_2026,28,17,Nantes,4,6,18,24,48,-24,18
2025_2026,28,18,Metz,3,6,19,25,60,-35,15
2025_2026,29,1,Paris SG,22,3,4,66,23,43,69
2025_2026,29,2,Lens,19,2,8,54,29,25,59
2025_2026,29,3,Lille,16,5,8,49,34,15,53
2025_2026,29,4,Olympique Marseille,16,4,9,58,38,20,52
2025_2026,29,5,Olympique Lyon,15,6,8,43,29,14,51
2025_2026,29,6,Rennes,14,8,7,49,41,8,50
2025_2026,29,7,Monaco,15,4,10,50,43,7,49
2025_2026,29,8,Strasbourg,13,7,9,48,35,13,46
2025_2026,29,9,Lorient,9,11,9,38,44,-6,38
2025_2026,29,10,Toulouse,10,7,12,39,39,0,37
2025_2026,29,11,Brest,10,6,13,38,45,-7,36
2025_2026,29,12,Paris FC,8,11,10,37,45,-8,35
2025_2026,29,13,Angers,9,6,14,25,39,-14,33
2025_2026,29,14,Le Havre,6,11,12,24,37,-13,29
2025_2026,29,15,Nice,7,7,15,34,56,-22,28
2025_2026,29,16,Auxerre,5,9,15,23,37,-14,24
2025_2026,29,17,Nantes,4,7,18,24,48,-24,19
2025_2026,29,18,Metz,3,6,20,26,63,-37,15
2025_2026,30,1,Paris SG,22,3,5,67,25,42,69
2025_2026,30,2,Lens,20,2,8,57,31,26,62
2025_2026,30,3,Olympique Lyon,16,6,8,45,30,15,54
2025_2026,30,4,Lille,16,6,8,49,34,15,54
2025_2026,30,5,Rennes,15,8,7,52,41,11,53
2025_2026,30,6,Olympique Marseille,16,4,10,58,40,18,52
2025_2026,30,7,Monaco,15,5,10,52,45,7,50
2025_2026,30,8,Strasbourg,13,7,10,48,38,10,46
2025_2026,30,9,Lorient,10,11,9,40,44,-4,41
2025_2026,30,10,Paris FC,9,11,10,40,46,-6,38
2025_2026,30,11,Toulouse,10,7,13,41,42,-1,37
2025_2026,30,12,Brest,10,7,13,39,46,-7,37
2025_2026,30,13,Angers,9,7,14,26,40,-14,34
2025_2026,30,14,Le Havre,6,12,12,25,38,-13,30
2025_2026,30,15,Nice,7,8,15,34,56,-22,29
2025_2026,30,16,Auxerre,5,10,15,25,39,-14,25
2025_2026,30,17,Nantes,4,8,18,25,49,-24,20
2025_2026,30,18,Metz,3,6,21,27,66,-39,15
2025_2026,31,1,Paris SG,23,3,5,70,25,45,72
2025_2026,31,2,Lens,20,3,8,60,34,26,63
2025_2026,31,3,Olympique Lyon,17,6,8,48,32,16,57
2025_2026,31,4,Lille,17,6,8,50,34,16,57
2025_2026,31,5,Rennes,16,8,7,54,42,12,56
2025_2026,31,6,Olympique Marseille,16,5,10,59,41,18,53
2025_2026,31,7,Monaco,15,6,10,54,47,7,51
2025_2026,31,8,Strasbourg,14,7,10,51,40,11,49
2025_2026,31,9,Lorient,10,11,10,42,47,-5,41
2025_2026,31,10,Toulouse,10,8,13,43,44,-1,38
2025_2026,31,11,Paris FC,9,11,11,40,47,-7,38
2025_2026,31,12,Brest,10,8,13,42,49,-7,38
2025_2026,31,13,Angers,9,7,15,26,43,-17,34
2025_2026,31,14,Le Havre,6,13,12,29,42,-13,31
2025_2026,31,15,Nice,7,9,15,35,57,-22,30
2025_2026,31,16,Auxerre,5,10,16,27,42,-15,25
2025_2026,31,17,Nantes,4,8,19,26,51,-25,20
2025_2026,31,18,Metz,3,7,21,31,70,-39,16
2025_2026,32,1,Paris SG,23,4,5,72,27,45,73
2025_2026,32,2,Lens,20,4,8,61,35,26,64
2025_2026,32,3,Olympique Lyon,18,6,8,52,34,18,60
2025_2026,32,4,Lille,17,7,8,51,35,16,58
2025_2026,32,5,Rennes,16,8,8,56,46,10,56
2025_2026,32,6,Monaco,16,6,10,56,48,8,54
2025_2026,32,7,Olympique Marseille,16,5,11,59,44,15,53
2025_2026,32,8,Strasbourg,14,7,11,52,42,10,49
2025_2026,32,9,Lorient,10,12,10,44,49,-5,42
2025_2026,32,10,Toulouse,11,8,13,45,45,0,41
2025_2026,32,11,Paris FC,10,11,11,44,47,-3,41
2025_2026,32,12,Brest,10,8,14,42,53,-11,38
2025_2026,32,13,Angers,9,7,16,27,46,-19,34
2025_2026,32,14,Le Havre,6,14,12,30,43,-13,32
2025_2026,32,15,Nice,7,10,15,36,58,-22,31
2025_2026,32,16,Auxerre,6,10,16,30,43,-13,28
2025_2026,32,17,Nantes,5,8,19,29,51,-22,23
2025_2026,32,18,Metz,3,7,22,32,72,-40,16
2025_2026,33,1,Paris SG,24,4,5,73,27,46,76
2025_2026,33,2,Lens,21,4,8,62,35,27,67
2025_2026,33,3,Lille,18,7,8,52,35,17,61
2025_2026,33,4,Olympique Lyon,18,6,9,53,36,17,60
2025_2026,33,5,Rennes,17,8,8,58,47,11,59
2025_2026,33,6,Olympique Marseille,17,5,11,60,44,16,56
2025_2026,33,7,Monaco,16,6,11,56,49,7,54
2025_2026,33,8,Strasbourg,14,8,11,53,43,10,50
2025_2026,33,9,Lorient,11,12,10,48,49,-1,45
2025_2026,33,10,Toulouse,12,8,13,47,46,1,44
2025_2026,33,11,Paris FC,10,11,12,45,49,-4,41
2025_2026,33,12,Brest,10,8,15,42,54,-12,38
2025_2026,33,13,Angers,9,8,16,28,47,-19,35
2025_2026,33,14,Le Havre,6,14,13,30,44,-14,32
2025_2026,33,15,Auxerre,7,10,16,32,44,-12,31
2025_2026,33,16,Nice,7,10,16,37,60,-23,31
2025_2026,33,17,Nantes,5,8,20,29,52,-23,23
2025_2026,33,18,Metz,3,7,23,32,76,-44,16
2025_2026,34,1,Paris SG,24,4,6,74,29,45,76
2025_2026,34,2,Lens,22,4,8,66,35,31,70
2025_2026,34,3,Lille,18,7,9,52,37,15,61
2025_2026,34,4,Olympique Lyon,18,6,10,53,40,13,60
2025_2026,34,5,Olympique Marseille,18,5,11,63,45,18,59
2025_2026,34,6,Rennes,17,8,9,59,50,9,59
2025_2026,34,7,Monaco,16,6,12,60,54,6,54
2025_2026,34,8,Strasbourg,15,8,11,58,47,11,53
2025_2026,34,9,Toulouse,12,9,13,47,46,1,45
2025_2026,34,10,Lorient,11,12,11,48,51,-3,45
2025_2026,34,11,Paris FC,11,11,12,47,50,-3,44
2025_2026,34,12,Brest,10,9,15,43,55,-12,39
2025_2026,34,13,Angers,9,9,16,29,48,-19,36
2025_2026,34,14,Le Havre,7,14,13,32,44,-12,35
2025_2026,34,15,Auxerre,8,10,16,34,44,-10,34
2025_2026,34,16,Nice,7,11,16,37,60,-23,32
2025_2026,34,17,Nantes,5,9,20,29,52,-23,24
2025_2026,34,18,Metz,3,8,23,32,76,-44,17
